Region,Read,RelativeFreq,Count
V1,GGCATTGCATCCGAAGATGGTAGCGCCGGAAACCTCAAGCAT,96.97082557417754,7811
V1,GGCCTTGCATCTGAAACTGGTGGCGCCGGAGCCCTCAAGCAT,0.012414649286157667,1
V1,GGCATTGCATCCGAAGATTGTAGCGCCGGAAACCTCAAGCAT,0.037243947858472994,3
V1,GGCATTGCATCCGAAGATGGTCGCGCCGGAAACCTCAAGCAT,0.38485412787088763,31
V1,GGCATTGCATCCGAAGATGGTAGCGCCGGAAACCTCAAGCAG,0.06207324643078833,5
V1,GGCATTGCATCCGAAGAGGGTAGCGCCGGAAACCTCAAGCAT,0.037243947858472994,3
V1,GGCATTGCATCCGAAGATGGTAGAGCCGGAAACCTCAAGCAT,0.024829298572315334,2
V1,GGCATTGCATCCGAAGATGGTAGCGCCGGAGACCTCAAGCAT,0.024829298572315334,2
V1,NGCATTGCATCCGAAGATGGTAGCGCCGGAAACCTCAAGCAT,0.012414649286157667,1
V1,GGCATTGCATCCGAAGATGGTAGCGCCGGAAACCTCAAGCAN,0.04965859714463067,4
V1,GGCATTGCATCCGAAGATGGTAGCGCCGGAAACATCAAGCAT,0.07448789571694599,6
V1,GGCATTGCATCCGAAGATGGTAGCGCCGGAAAACTCAAGCAT,0.037243947858472994,3
V1,GGCATTNCATCCGAAGATGGTAGCGCCGGAAACCTGAAGCTT,0.012414649286157667,1
V1,GGCATTGCATCCGAAGATGGTAGCGTCGGAAACCTCAAGCAT,0.024829298572315334,2
V1,GGCATTGCATCCGCAGATGGTAGCGCCGGAAACCTCAAGCAT,0.024829298572315334,2
V1,GGCATTGCATCCGNAGATGGTAGCGCCGGAAACCTCAAGCAT,0.012414649286157667,1
V1,GGCATTGCATCCGAAGATGGTAGCGCCGGACACCTCAAGCAT,0.04965859714463067,4
V1,GGCATTGCATCAGAAGATGGTAGCGCCGGAAACCTCAAGCAT,0.04965859714463067,4
V1,GGCATTGCATCCGACGATGGTAGCGCCGGAAACCTCAAGCAT,0.012414649286157667,1
V1,GGCATTGCATCCGAAGACGGTAGCGCCGGAAACCTCAAGCAT,0.012414649286157667,1
V1,GGCATTGCATCCGAAGATGGTAGCACCGGAAACCTCAAGCAT,0.037243947858472994,3
V1,GGCATTGCATCCGAAGATGGTAGCGCAGGAAACCTCTAGCAT,0.024829298572315334,2
V1,GGCCTTGCATCCGAAGATGGTAGCGCCGGAAACCTCAAGCAT,0.09931719428926133,8
V1,GGCATTNCATCCGAAGATGGTAGCGCCGGAAACCTCAAGCAT,0.037243947858472994,3
V1,GGCATTGCATTCGAAGATGGTAGCGCCGGAAACCTCAAGCAT,0.024829298572315334,2
V1,GGCATTGCATCCGATGGTGGCGCCATCAAGCAT,0.13656114214773432,11
V1,GGCATTGCATCCGAAGATGNTAGCGCCGGAAACCTCAAGCAT,0.012414649286157667,1
V1,GGCATTGCATCCGAAGATGGTAGCGCCTGAAACCTCAAGCAT,0.024829298572315334,2
V1,GGCAGTGCATCCGAAGATGGTAGCGCCGGAAACCTCAAGCAT,0.037243947858472994,3
V1,GGCATTGCATCCGAAGATGGTAGCGCCGGAAACCTCATGGTT,0.012414649286157667,1
V1,GGNATTGCATCCGAAGATGGTAGCGCCGGAAACCTCAAGCAT,0.012414649286157667,1
V1,GGCATTGCATCCGAAGATGGTAGCGCAGGAAACCTCAAGCAT,0.07448789571694599,6
V1,GGCATTGCATCCGAAGAAGGTAGCGCCGGAAACCTCAAGCAT,0.024829298572315334,2
V1,GGCATTTCATCCGAAGATGGTAGCGCCGGAAACCTCAAGCAT,0.037243947858472994,3
V1,GGCATTGCATCCGAAGATGGTAGCGCCGGAAGCCTCAAGCAT,0.012414649286157667,1
V1,GGCATTACATCCGAAGATGGTAGCGCCGGAAACCTCAAGCAT,0.037243947858472994,3
V1,GGCATTGCATCCGAAGATGGTAGCGCCGGAAACCTCAAGAAT,0.13656114214773432,11
V1,GGCATTGCATCCGAAGATGGTAGCTCCGGAAACCTCAAGCAT,0.037243947858472994,3
V1,GTCATTGCATCCGAAGATGGTAGCGCCGGAAACCTCAAGCAT,0.037243947858472994,3
V1,GGCATTGCATCCGTAGATGGTAGCGCCGGAAACCTCAAGCAT,0.024829298572315334,2
V1,GGCATTGCATCCGAGGATGGTAGCGCCGGAAACCTCAAGCAT,0.04965859714463067,4
V1,GGCATTGCATCCGAAGATGGTAGCGCCGGAAACNTCAAGCAT,0.024829298572315334,2
V1,GGAATTGCATCCGAAGATGGTAGCGCCGGAAACCTCAAGCAT,0.037243947858472994,3
V1,GGCATTGCATCCGAAGATGGNAGCGCCGGAAACCTCAAGCAT,0.012414649286157667,1
V1,AGCATTGCATCCGAAGATGGTAGCGCCGGAAACCTCAAGCAT,0.012414649286157667,1
V1,GGCATTGCATACGAAGATGGTAGCGCCGGAAACCTCAAGCAT,0.06207324643078833,5
V1,GGCATTGCATCCGAAGATGGTATCGCCGGAAACCTCAAGCAT,0.04965859714463067,4
V1,GGCNTTGCATCCGAAGATGGTAGCGCCGGAAACCTCAAGCAT,0.024829298572315334,2
V1,GGCATTGCATCCGAAGATGGTANCGCCGGAAACCTCAAGCAT,0.024829298572315334,2
V1,GGCATTGCATGGGAAGATGGTAGCGCCGGAAACCTCAAGCAT,0.012414649286157667,1
V1,GGCATTGCACCCGAAGATGGTAGCGCCGGAAACCTCAAGCAT,0.012414649286157667,1
V1,GGCATTGCATCCGAAGATGGTAGCGCCGGAAACCTCAAGCAC,0.012414649286157667,1
V1,GGCATTGAATCCGAAGATGGTAGCGCCGGAAACCTCAAGCAT,0.024829298572315334,2
V1,GGCATTGCAACCGAAGATGGTAGCGCCGGAAACCTCAAGCAT,0.012414649286157667,1
V1,GGCATTGCATCCGAAGANGGTAGCGCCGGAAACCTCAAGCAT,0.024829298572315334,2
V1,GGCATTGCATCCTAAGATGGTAGCGCCGGAAACCTCAAGCAT,0.024829298572315334,2
V1,GGCATTGCATCCGAAGATGGTAGCGCCGGAAACCTCGAGCAT,0.012414649286157667,1
V1,GGCATTGCCTCCGACGATGGTAGCGCCGGAAACCTCAAGCAT,0.012414649286157667,1
V1,GGCATTGCATCCGAAGATGGTAGCGACGGAAACCTCAAGCAT,0.024829298572315334,2
V1,GGCATTGCATCCGAAGATGGTAGCGCCGGNAACCTCAAGCAT,0.024829298572315334,2
V1,GGCATTGCATCCGAACATGGTAGCGCCGGAAACCTCAAGCAT,0.012414649286157667,1
V1,GGCATTGCATCCGAAGATGGTAGCGCCGGAAATCTCAAGCAT,0.037243947858472994,3
V1,GGCATTGCATCCGAAGATGGTAGCGCCGGAAACCTAAAGCAT,0.012414649286157667,1
V1,GGCATTGCATCCGAAGATGGTGGCGCCGGAAACCTCAAGCAT,0.024829298572315334,2
V1,GGCATTGCATCCGAAGATGGTAGCGCCGGAAACCTCTAGCAT,0.012414649286157667,1
V1,GGAATTGCATCCGAAGATGGTAGCGCCGTAATGCTCAAGCAT,0.012414649286157667,1
V1,GGCATTGCATCCGAAGATGGTAGCTCCGGAAAACTCAAGCAT,0.012414649286157667,1
V1,GGCATTGCATCCGAAGATGGAAGCGCCGGAAACCTCAAGCAT,0.012414649286157667,1
V1,GGCATTCCATCCGAAGATGGTAGCGCCGGAAACCTCAAGCAT,0.012414649286157667,1
V1,GGCATTGCATCCGAAGATGGTAGCGCCGGAACCCTCAAGCAT,0.037243947858472994,3
V1,GGCATTGCATCCGAAGATTGTAGCTCCGGAAACCTCAAGCAT,0.012414649286157667,1
V1,GGCATTGCATCCGAAAATGGTAGCGCCGGAAACCTCAAGCAT,0.024829298572315334,2
V1,GGCATTGCATCCNAAGATGGTAGCGCCGGAAACCTCAAGCAT,0.024829298572315334,2
V1,GGCATTGCATCCGAATATGGTAGCGCCGGAAACCTCAAGCAT,0.012414649286157667,1
V1,GGCATTGCATCCGAAGATGGTAGCGCCGGAAACCTCAATCAT,0.012414649286157667,1
V1,GGCATTGCATCCGAAGATGGTAGCGCCGAAAACCTCAAGCAT,0.012414649286157667,1
V1,GGCATTGCANCCGAAGATGGTAGCGCCGGAAACCTCAAGCAT,0.012414649286157667,1
V1,GGCATTTCATCCGAATATGGTAGCGCCGGAAACCTCAAGCAT,0.012414649286157667,1
V1,GGCATTGCATCCGAAGATGGTAGCGCCGTAAACCTCAAGCAT,0.012414649286157667,1
V1,GGCATTGCATCTGAAACTGGTGGCGCCGGAGCCCTCAAGCAT,0.024829298572315334,2
V1,TGCATTGCATCCGAAGATGGTAGCGCCGGAAACCTCAAGCAT,0.037243947858472994,3
V1,GGCATTGCATCCGAAGATGGTAGCGCCGGAAACCCCAAGCAT,0.012414649286157667,1
V1,GGCATTGCATCCGAAGATCGTAGCGCCGGAAACCTCAAGCAT,0.012414649286157667,1
V1,GGCATTGCATCNGAAGATGGTAGCGCCGGAAACCTCAAGCAT,0.012414649286157667,1
V1,GGCATTGCATCCGAAGATGGTAACGCCGGAAACCTCAAGCAT,0.012414649286157667,1
V1,GGCATTGTATCCGAAGATGGTAGCGCCGGAAACCTCAAGCAT,0.012414649286157667,1
V1,GGCATNGCATCCGAAGATGGTAGCGCCGGAAACCTCAAGCAT,0.012414649286157667,1
V1,GGCATTGCATCCGAAGATGGTAGCGCCCGAAACCTCAAGCAT,0.012414649286157667,1
V1,GGCATTGCATCCGAAGATGGTAGCGCCGGAAACCTCCAGCAT,0.012414649286157667,1
V1,GGCATTGCATCCGAAGATGGTAGCGCCGGAAACCTCAAGCCT,0.012414649286157667,1
V1,TGCATTGCATTCGAAGATGGTAGCGCCGGAAACCTCAAGCAT,0.012414649286157667,1
V1,GGCATTGCATCCGAAGATGGGAGCGCCGGAAACCTCAAGCAT,0.024829298572315334,2
V1,GGCATTGCATCCGAAGATGGTAGCGCCGGAACCCTCAAGCAN,0.012414649286157667,1
V1,GGCATTGCATCCGAAGATGTTAGCGCCGGAAACCTCAAGCAT,0.012414649286157667,1
V1,GGCATTGCATCCTAAGATGGTATCGCCGGAAACCTCAAGCAT,0.012414649286157667,1
V1,GGCCTTGCAACCGAAGATGGTAGCGCCGGAAACCTCAAGCAT,0.012414649286157667,1
V1,GGCATAGCATCCGAAGATGGTAGCGCCGGAAACCTCAAGCAT,0.012414649286157667,1
V1,GGCATTGCATCCGAAGATGGTAGCGCCGGAAACCTCATGCAT,0.012414649286157667,1
V1,GGCATTGCATCCGAAGCTGGTAGCGCCGGAAACCTCAAGCAT,0.012414649286157667,1
V1,GGCATTGCATCCGAAGATGGTAGCGCCGGAAACCTCACGCAT,0.012414649286157667,1
V1,GGCATTGCATCCGAATATGGTAGCGCCGGAAACCTCAATCAT,0.012414649286157667,1
V1,GGCATTGCATCCGAAGGTGGTAGCGCCGGAAACCTCAAGCAT,0.012414649286157667,1
V1,GGCATTGCTTCCGATGATGGTTGCGCCGGAAACCTCAAGCAT,0.012414649286157667,1
V1,GGCATTGCGTCCGAAGATGGTAGCGCCGGAAACCTCAAGCAT,0.012414649286157667,1
V1,GNCATTGCATCCGAAGATGGTAGCGCCGGAAACCTCAAGCAT,0.012414649286157667,1
V2,TGGGAGGGCAAACCAAACGGCAACGTCCCAGCAGGAGTAACTCCCAGCAAG,93.22781920560037,6126
V2,TGGGAGGGCAAACCAAACGGCANCGTCCCAGCAGGAGTAACTCCCAGCAAG,0.015218383807639627,1
V2,TGGGAGGGCAAACCAAACTGCAACGTCCCAGCAGGAGTAACTCCCAGCAAG,0.07609191903819815,5
V2,TGGGAGGGCAAACCAAACGGCAACGTCCCAGCAGGAGTAANTCCCAGCAAG,0.015218383807639627,1
V2,TGGGAGGGCAAACCAAACGGCAACGTCCCAGCAGGATTAACTCCCAGCAAG,0.07609191903819815,5
V2,TGGGAGGGCAAAGACAGCAAGGGCGTCGTCCAAGCAGGAGCAAACCACAGCAAG,3.5458834271800335,233
V2,TGGGAGGGCAAACCAAACGGCAACGTCCCAGCAGGAGTNACTCCCAGCAAG,0.015218383807639627,1
V2,TGGGAGGGCAAACCAAACGGCAACGTCCCGGCAGGAGTAACTCCCAGCAAG,0.030436767615279255,2
V2,TGGGTGGGCAAACCANACGGCAACGTCCCAGCAGGAGTAACTCCCAGCAAG,0.015218383807639627,1
V2,TGTGAGTGCAAACCAAACGGCAANGTCCCAGCAGGAGTAACTCCCAGCAAG,0.015218383807639627,1
V2,TGGGAGGGCAATCCAAACGGCAACGTCCCAGCAGGAGTAACTCCCAGCAAG,0.015218383807639627,1
V2,TGGGAGGGCAAACCAAACGGCAACGTCCCAGCAGGAGTAACTCCCAGAAAG,0.06087353523055851,4
V2,TGGGAGGGCAAAGACAGCAAGGGCGTCGTCCAAGCAGGAGCCAACCACCGCAAG,0.015218383807639627,1
V2,TGGGAGGGCAAACCAAACGGCAACGTCCCAGCAGGAGTAACTCCCAGCAGG,0.015218383807639627,1
V2,TGGGAGGGCAAACCAAACGGCAACGTCCCAGCATGAGTAACTCCCAGCAAG,0.06087353523055851,4
V2,TGGGAGGGCAAACAAAACGGCAACGTCCCAGCAGGAGTAACTCCCAGCAAG,0.045655151422918885,3
V2,TGGGATGGCAAACCAAACGGCAACGTCCCAGCAGGAGTAACTCCCAGCAAG,0.06087353523055851,4
V2,TGGGAGGGCAAAGACAGCAAGGGCGTCGTCCCAGCAGGAGTAACCCCCAGCAAG,0.015218383807639627,1
V2,TGGGAGGGCAAACCAAACGGCAACGTCCCAGCAGGAGGAACTCCCAGCAAG,0.015218383807639627,1
V2,TGGGAGGGCAAACCAAACGGCAACGTCCCAGCAGGAGTACCTCCCAGCAAG,0.015218383807639627,1
V2,TGGGAGGGCAAACCAAACGGCNACGTCCCAGCAGGAGTAACTCCCAGCAAG,0.015218383807639627,1
V2,TGGGAGGGCAAACCAAACGGAAACGTCCCAGCAGGAGTAACTCCCAGCAAG,0.045655151422918885,3
V2,TGGGAGGGCAAACCAAACGACAACGTCCCAGCAGGAGTAACTCCCAGCAAG,0.030436767615279255,2
V2,TGGGAGGGCAAACCAAACGGCAACGTCCCAGCAGGAGTAACTCCCNGCAAG,0.030436767615279255,2
V2,GGGGAGGGCAAACCAAACGGCAACGTCCCAGCAGGAGTAACTCCCAGCAAG,0.1065286866534774,7
V2,TGGGAGGGCAAACCAAACGTCAACGTCCCAGCAGGAGTAACTCCCAGCAAG,0.015218383807639627,1
V2,TTGGAGGGCAAAGACAGCAAGGGCGTCGTCCAAGCAGGAGCAAACCACAGCAAG,0.015218383807639627,1
V2,TGGGAGGGCAAACCAAACGGCAACGTCCCAGCAGGAGTAACTCCCAGTAAG,0.045655151422918885,3
V2,TGGGAGGGCACACCAAACGGCAACGTCCCAGCAGGAGTAACTCCCAGCAAG,0.045655151422918885,3
V2,TGGGAGGGCAAAGACAGNAAGGGCGTCGTCCAAGCAGGAGCAAACCACAGCAAG,0.015218383807639627,1
V2,TGGGAGGGCAAACCAAACGGCAAAGTCCCAGCAGGAGTAACTCCCAGCAAG,0.015218383807639627,1
V2,TGGGAGGTCAAACCAAACGGCAACGTCCCAGCAGGAGTAACTCCCAGCAAG,0.030436767615279255,2
V2,TGGGAGGGCAAACCAAACGTCAACGTCCCAGCATGAGTAACTCCCAGCAAG,0.015218383807639627,1
V2,TGGGAGGGCAAACCAAACGGCAACGTCCCAGCAGGAGTAACTACCAGCAAG,0.030436767615279255,2
V2,TGGGAGGGCAAAACAAACGGCAACGTCCCAGCAGGAGTAACTCCCAGCAAG,0.045655151422918885,3
V2,TGGGAGGGCAAACCAAACGGCAACGTCCNAGCAGGAGTAACTCCCAGCAAG,0.015218383807639627,1
V2,TGGGAGGGCAAACCAAACGGCAACGTCCCAGCAGGAGTAACTCCAGCAAG,0.015218383807639627,1
V2,TGGGAGGGCAAACCAAACGGCAACGTCCCAGNAGGAGTAACTCCCAGCAAG,0.030436767615279255,2
V2,TGGGAGGGCAAANCAAACGGCAACGTCCCAGCAGGAGTAACTCCCAGCAAG,0.030436767615279255,2
V2,TGGGAGGGCAAACCAAACGGCAACGTCCCAGCAGGAGTAACTCCCAGCAAA,0.045655151422918885,3
V2,TGGGAGGGCAAACCAAACGGCAACGTCCCATCAGGAGTAACTCCCAGCAAG,0.015218383807639627,1
V2,TGTGAGGGCAAACCAAACGGCAACGTCCCAGCAGGAGTAACTCCCAGCAAG,0.07609191903819815,5
V2,TGGGAGGGCAAACCAAACGGCAACGTCCCAGCAGGAGTAACTCCCAGCGAG,0.045655151422918885,3
V2,TGGGAGGGCAAACCANACGGCAACGTCCCAGCAGGAGTAACTCCCAGCAAG,0.015218383807639627,1
V2,TGGGATGGCAAAACAAACGGCAACGTCCCATCAGGAGTAACTCCCAGCAAT,0.015218383807639627,1
V2,TGGGAGTGCAAACCAAACGGCAACGTCCCAGCAGGAGTAACTCCCAGCAAG,0.030436767615279255,2
V2,TGGGAGAGCAAACCAAACGGCAACGTCCCAGCAGGAGTAACTCCCAGCAAG,0.030436767615279255,2
V2,TGGGAGGGCAAACCAAACGGCAACGTCCCAGCAGGAGTAACTCACAGCAAG,0.030436767615279255,2
V2,TGGGGGGGCAAACCAAACGGCAACGTCCCAGCAGGAGTAACTCCCAGCAAG,0.045655151422918885,3
V2,TGGGAGGGCAAACCAAAAGGCAACGTCCCAGCAGGAGTAACTCCCAGCAAG,0.030436767615279255,2
V2,TGGGAGGGCAAACCAANCGGCAACGTCCCAGCAGGAGTAACTCCCAGCAAG,0.030436767615279255,2
V2,TGGGAGGGCAAACNAAACGGCAACGTCCCAGCAGGAGTAACTCCCAGCAAG,0.030436767615279255,2
V2,TGGGAGGGAAAACCAAACGGCAACGTCCCAGCAGGAGTAACTCCCAGCAAG,0.030436767615279255,2
V2,TGGGAGGGCAAACCAAACGGCACCGTCCCAGCAGGAGTAACTCCCAGCAAG,0.015218383807639627,1
V2,TGGGAGGGCAAACCAAACGGCAACGTCCCAGCAGGAGTAACTCCCAGCACG,0.1065286866534774,7
V2,TGGGAGGGCAAACCAAACGGCAACGTTCCAGCAGGAGTAACTCCCAGCAAG,0.015218383807639627,1
V2,TGGGAGGGCAAACCAAACGGCAACGTCCCAGCAGGAGTAACTCCCCGCAAG,0.030436767615279255,2
V2,TGTGAGGGCAAACCAAACGGCAACGTCCCAGCAGNAGTAACTCCCAGCAAG,0.015218383807639627,1
V2,TGGGAGGGCAAACCAAACGGCAACGTCCCAGCAGGAGTAACTCNCAGCAAG,0.015218383807639627,1
V2,TGGGAGGGCAAACCAAACGGCAACATCCCAGCAGGAGTAACTCCCAGCAAG,0.045655151422918885,3
V2,TGGGAGGGCAAACCAAACGGCAGCGTCCCAGCAGGAGTAACTCCCAGCAAG,0.015218383807639627,1
V2,TGGGAGGGCAAACCAAACGGCAACGTACCAGCAGGAGTATCTCCCAGCAAG,0.015218383807639627,1
V2,TGGGAGGGCAAACCAAACGGCAACGTCCAAGCAGGAGTAACTCCCAGCAAG,0.06087353523055851,4
V2,TGGGAGGGCAAACCAAACGGCAACGTCCCAGCAGGAGTAACTCCCAGCTAG,0.030436767615279255,2
V2,TGGGAGGGCAANCCAAACGGCAACGTCCCAGCAGGAGTAACTCCCAGCAAG,0.030436767615279255,2
V2,TGGGAGGGCAAACCAAACGGCAACGTCCCAGCAGGAGTAACTCCCAGCCAG,0.015218383807639627,1
V2,TGGGAGGGCAAACCAAACGGCAACGTCCCAGCAGGAGTATCTCCCAGCAAG,0.030436767615279255,2
V2,TGGGAGGGCAAACCAAACGGCAACGTCCCAGCAGGAGTAACTCCCTGCAAG,0.015218383807639627,1
V2,TGGGAGGGCAAACCAAACGGCAACGTCCCAGCTGGAGTAACTCCCAGCAAG,0.030436767615279255,2
V2,TGGGAGGGCAAACCAAACGGCAACGTCCCAGCAGTAGTAACTCCCAGCAAG,0.030436767615279255,2
V2,TGGGAGGGCAAACCAAACGGCAACGTCCCNGCAGGAGTAACTCCCAGCAAG,0.015218383807639627,1
V2,TGGGAGGGCAAACCAAACGGCAACGTCCCAGCAGGAGTAACTCCCAGCATG,0.030436767615279255,2
V2,TGGGAGGGCAAACCAAATGGCAACGTCCCAGCAGGAGTAACTCCCAGCAAG,0.030436767615279255,2
V2,TGGGAGGGCAAAGACAGCAAGGGCGTCGTCCAAGCATGAGCAAACCACAGCAAG,0.015218383807639627,1
V2,TGGGAGGGCAAACCAAACGGCAACNTCCCAGCAGGAGTAACTCCCAGCAAG,0.015218383807639627,1
V2,TGGGAGGGCAAACCAACCGGCAACGTCCCAGCAGGAGTAACTCCCAGCAAG,0.015218383807639627,1
V2,TGGGAGTGCAAACCAAACGGCAACGTCCCAGCAGGAGTAACTCCCAGCACG,0.015218383807639627,1
V2,TGGGAGGGCCAACCAAACGGCAACGTCCCAGCAGGAGTAACTCCCAGCAAG,0.06087353523055851,4
V2,TGGGAGGGCAAACCAAACGGCAACGTCCCAGCAGGAGTAACTCCCATCAAG,0.015218383807639627,1
V2,TGGGAGGGCAAACCAAACGGCAACGTCCCAGCAGGAGTANCTCCCAGCAAG,0.030436767615279255,2
V2,TGGGAGGGCAAACCAAACGGCAACGTCCCAGCAGGTGTAACTCCCAGCAAG,0.015218383807639627,1
V2,TGGGAGGGCGAACCAAACGGCAACGTCCCAGCAGGAGTAACTCCCAGCAAG,0.045655151422918885,3
V2,GGGGAGGGCAAACCAAACGGCAACGTCCCAGCAGGAGTAACTCCCNGCAAG,0.015218383807639627,1
V2,AGGGAGGGCAAAGACACCAAGGGCGTCGTCCAAGCAGGAGCAAACCACAGCAAG,0.015218383807639627,1
V2,GGGGAGGGCAAACCAAACGGCAACGTACCAGACGGAGTAACTCCCAGCAAG,0.015218383807639627,1
V2,TGGGAGGGCAAACCAAACGGCAACGTCACAGCAGGAGTAACTCCCAGCAAG,0.030436767615279255,2
V2,TGGGAGGGCAAAGACAGCAAGGGCGTCGTCCANGCAGGAGCAAACCACAGCAAG,0.015218383807639627,1
V2,TGGGAGGGCAAACCAAACGGCAACGTCCCAGAAGGAGTAACTCCCAGCAAG,0.015218383807639627,1
V2,TGGGAGGGCAAACCAAACGGCAACGTCCCAGCAGGAGTAACGCCCAGCAAG,0.015218383807639627,1
V2,TGGGAGGGCAAACCAAANGGCAACGTCCCAGCAGGAGTAACTCCCAGCAAG,0.015218383807639627,1
V2,TGGGAGGGCAAACCACACGGCAACGTCCCAGCAGGAGTAACTCCCAGCAAG,0.015218383807639627,1
V2,TGGGAGGGCAAACCAAACGGCAATGTCCCAGCAGGAGTAACTCCCAGCAAG,0.015218383807639627,1
V2,TGGGAGGGCAAACCAAACGGCAACGTCCCAGCAGGAGTAACTCCCAGCANG,0.015218383807639627,1
V2,GGGGAGGGCAGACCAAACGGCAACGTCCCAGCAGGAGTAACTCCCAGCAAG,0.015218383807639627,1
V2,TGGGAGGGCAAACCAAACGGCAACGTCCCAGCAGGAGTAACCCCCAGCAAG,0.030436767615279255,2
V2,TGGGAGGGCAAACCAAACGGCAACGTCCCAGTAGGAGTAACTCCCAGCAAG,0.015218383807639627,1
V2,TGGGAGGGCAAAGACAGCAAGGGCGTCTTCCAAGCAGGAGCAAACCACAGCAAG,0.015218383807639627,1
V2,TGGGAGGGCAAACCAAACGGCAACGTCCCAGCAGTAGTAACTCCCANCAAG,0.015218383807639627,1
V2,TGGGNGGGCAAACCAAACGGCAACGTCCCAGCAGGAGTAACTCCCAGCAAG,0.015218383807639627,1
V2,TGGGTGGGCAAACCAAACGGCAACGTCCCAGCAGGAGTAACTCCCAGCAAG,0.015218383807639627,1
V2,TGGGAGGGCAAACCAAACGGCAACGTCCCAGCAGGAGNAACTCCCAGCAAG,0.015218383807639627,1
V2,TGGGAGGGCAANCCAAACGGCAACGTCCCAGCAGGAGTAACTCCCGGCAAG,0.015218383807639627,1
V2,TGGGAGGGCAAATACAGCAAGGGCGTCGTCCAAGCAGGAGCAAACCACAGCAAG,0.015218383807639627,1
V2,TGGGAGGGCAAACCAAACGGCAAGGCCCCAGCAGGAGCAAACCACAGCAAG,0.015218383807639627,1
V2,TGGGAGGGCAAACCAAACGGCAACTTCCCAGCAGGAGTAACTCCCAGCAAG,0.015218383807639627,1
V2,TGGGAGGGCAAACCAAACGGCAACGGCCCAGCAGGAGTCACTCCCAGCAAG,0.015218383807639627,1
V2,TGGGAGGGCAAACCAAACGGCAAAGTCCCAGCAGGAGTAACTCCAAGCAAG,0.015218383807639627,1
V2,TGGTAGGGCAAACCAAACGGCAACGTCCCAGCAGGAGTAACTCCCAGCAAG,0.015218383807639627,1
V2,TGGGAGGGCAAACCAAACGGCAACGTCCCAGCAGGAGTAACTCCCAGNAAG,0.015218383807639627,1
V2,TGGGAGGGTAAACCAAACGGCAACGTCCCAGCAGGAGTAACTCCCAGCAAG,0.015218383807639627,1
V2,TGGGAGGGCAAACCAAACGGCAACGTCCCAGCAGGAGTAACTCCTAGCAAG,0.015218383807639627,1
V2,TGGGAGGGAAAACCAAACTGCAACGTCCCAGCAGGAGTAACTCCCAGCAAG,0.015218383807639627,1
V2,TGGGAGGGCAAACCAAACGGCGACGTCCCAGCAGGAGTAACTCCCAGCAAG,0.030436767615279255,2
V2,TGGGANGGCAAACCAAACGGCAACGTCCCAGCAGGAGTAACTCCCAGCAAG,0.015218383807639627,1
V2,TGGGAGTGCAAACCAAACGGCAACGTCCCAGAAGGAGTAACTCCCAGCAAG,0.015218383807639627,1
V2,TGGGAGGGCAAACCAAACGGCAACGTCCCAGCAGGAGTAACTCCCGGCAAG,0.015218383807639627,1
V2,TGGGAGGGCAAACCAAACGNCAACGTCCCAGCAGGAGTAACTCCCAGCAAG,0.015218383807639627,1
V2,TGGGAGGGCAAAGACAGCAAGGGCGTCGTCCAAGCAGGAGCAAACCCCAGCAAG,0.015218383807639627,1
V2,TGGGAGGGCAAACCAAACGGCAACGTCCCAGCAGGAGTAACTCTCAGCAAG,0.015218383807639627,1
V2,TGGGAGGGCAAACCAAACTGCAACGTCACAGCAGGAGTAACTCCCAGCAAG,0.015218383807639627,1
V2,TGGGAGGGCAAACCAAACGGCAACGTCCCAGCAGGAGTAACACCCAGCAAG,0.015218383807639627,1
V2,TGGGAGGGCAAACCAAACGGCAACGTCCCAGCAGGAGTAACNCCCAGCAAG,0.015218383807639627,1
V2,TGGGAGGGCAAACCAAACGGCAACGTCCCAGCAGGAGTTACTCCCAGCAAG,0.030436767615279255,2
V2,TGGGAGGGCAAACCAAACGGCAACGTCCCANCAGGAGTAACTCCCANCAAG,0.015218383807639627,1
V2,TGGGAGGGCAAACCAAACGGCAACGTCCCAGCAGGATTAACTCCCAGCAAT,0.015218383807639627,1
V2,TGGGAGGGCAAACCAAGCGGCAACGTCCCAGCAGGAGTAACTCCCAGCAAG,0.015218383807639627,1
V2,TGGGAGGGCAAACCAAACGGTAACGTCCCAGCAGGAGTAACTCCCAGCAAG,0.015218383807639627,1
V2,TGGGAGGGCAAACCAAACGGCAACGTCCCAGCAGGNGTAACTCCCAGCAAG,0.015218383807639627,1
V3,ACACTGTCTAGCGGCTATGCCCAAGCAGCCGACGACATCTTATGGGAT,63.09691560983247,4030
V3,ACGCTTTCTGGCGGCTATGCCCCAGCCGCAGCCGACGACATCTTATGGGAT,26.272115234069204,1678
V3,ACACTGTCTAGCGGCTATGCCCAAGCAGCCGCAGCCGACGACATCTTATGGGAT,2.833881321434163,181
V3,ACGCTTTCTGGCGACTATGCCCGAGCCGCAGCCGCAGCCGACGACATCTTATGGGAT,5.025833724753405,321
V3,ACACTGTCTAGCGTCTATGCCCAAGCAGCCGACGACATCTTATGGGAT,0.03131360576170346,2
V3,ACACTGTCTAGAGGATATGCCCAAGCAGCCGACGACATCTTATGGGAT,0.03131360576170346,2
V3,ACAATGTCTAGCGGCTATGCCCAAGCAGCCGACGACATCTTATGGGAT,0.03131360576170346,2
V3,ACACTGTCTAGCGNCTATGCCCAAGCAGCCGACGACATCTTATGGGAT,0.01565680288085173,1
V3,ACGCTTTCTGGCGACTATGCCCGAGCCGCAGCCGCAGCCGACGACATCTTCTGGGAT,0.01565680288085173,1
V3,ACACTGTCTAGCGGCTATGCCCAAGCAGCCGACGACACCTTATGGGAT,0.01565680288085173,1
V3,ACGCTTTCTGGCGGCTATGCCCCAGCCGCAGCCGACGACATCTTATGGNAT,0.01565680288085173,1
V3,ACGCTTTCTGGCGGCTATGCCCCAGCCGCAGCCGACGACATCTTATGGTAT,0.01565680288085173,1
V3,ACGCTTTCTGGCGGCTATGCCCCAGCCGCAGCCAACGACATCTTATGGGAT,0.01565680288085173,1
V3,ACACTGACTAGCGGCTATGCCCAATCAGCCGACGACATCTTAAGGGAA,0.01565680288085173,1
V3,ACACTGTCTAGCGGCTATGCCCAAGCAGCCGACTACATCTTATGGGAT,0.03131360576170346,2
V3,ACACTGTCTAGCGGCTATGCCCAAGCAGCCGACGACATCTGATGGGAT,0.01565680288085173,1
V3,ACACTGTCTAGCGGCTATGCNCAAGCAGCCGACGACATCTTATGGGAT,0.01565680288085173,1
V3,ACACTGTCTAGCGGCTAGGCCCAAGCAGCCGACGACATCTTATGGGAT,0.046970408642555195,3
V3,ACACTGTCTCGCGGCTATGCCCAAGCAGCCGACGACATCTTATGGGAT,0.03131360576170346,2
V3,ACACTGTCTAGCGNCTANGCCCAAGCAGCCGACGACATCTTATGGGAT,0.01565680288085173,1
V3,ACACTGTNTAGCGGCTATGCCCAAGCAGCCGACGACATCTTATGGGAT,0.01565680288085173,1
V3,ACACTGTCTAGCGGCTATGCCCAAGCAGCCGACGAGATCTTATTGGAT,0.01565680288085173,1
V3,AAACTGTCTAGCGGCTATGCCCAAGCAGCCGACGACATCTTATGGGAT,0.01565680288085173,1
V3,ACACTGTCTAGCGGCTATGCNCAAGCAGCCGCAGCCGACGACATCTTATGGGAT,0.01565680288085173,1
V3,ACGCTTTCTGGCGGCTATGCCCCAGCCGCAGCCGACGACNTCTTATGGGAT,0.03131360576170346,2
V3,ACACTGTCTAGCGGCTGTGCCCAAGCAGCCGACGACATCTTATGGGAT,0.01565680288085173,1
V3,ACACTGTCTAGCGGCTATGCCCNAGCAGCCGACGACATCTTATGGGAT,0.01565680288085173,1
V3,ACGCTTTCTGTCGACTATGCCCGAGCCGCAGCCGCAGCCGACGACATCTTATGGGAT,0.01565680288085173,1
V3,ACACTGTCTAGCGGCTATGCCCAAGCAGCCGACGACATATTATGGGAT,0.046970408642555195,3
V3,ACACTTTCTAGCGGCTATGCCCAAGCAGCCGACGACATCTTATGGGAT,0.01565680288085173,1
V3,ACACTGTCTAGAGGCTATGCCCAAGCATCCGACGACATCTTATGGGAT,0.01565680288085173,1
V3,ACACTGTCTAGCGGCTATGCCCATGCAGCCGACGACATCTTATGGGAT,0.01565680288085173,1
V3,ACGCTTTCTGGCGACTATGCCCGAGCCGCAGCTGCAGCCGACGACATCTTATGGGAT,0.01565680288085173,1
V3,ACGATTTCTGGCGGATATGCCCCAGCCGCAGCCGACGACTTCTTTTGGGAT,0.01565680288085173,1
V3,ACACTGTCTAGCGGATATGCCCAAGCAGCCGACGACATCTTATGGGAT,0.01565680288085173,1
V3,ACACTGTCTAGCGGCGATGCCCAAGCAGCCGACGACATCTTATGGGAT,0.01565680288085173,1
V3,ACACTGTCTAGCGGCTATGCCCAAACAGCCGACGACATCTTATGGGAT,0.03131360576170346,2
V3,ACACTGTCTAGTGGCTATGCCCAAGCAGCCGACGACATCTTATGGGAT,0.03131360576170346,2
V3,ACACGGGCTAGCGGCTATGCCCACGCAGCCGCCGACATCTTATGGGAT,0.01565680288085173,1
V3,ACGCTTTCTGGCGGCTATGCCCCAGCCGCAGCTGACGACATCTTATGGGAT,0.01565680288085173,1
V3,ACGCTTTCTGGCGGCTATGCCCCAGACGCAGCCGACGACATCTTATGGGAT,0.01565680288085173,1
V3,ACGCTTTCTGGCGGCTACGCCCCAGCCGCAGCCGACGACATCTTATGGGAT,0.01565680288085173,1
V3,ACGCTTTCTGGCGGCCATGCCCCAGCCGCAGCCGACGACATCTTATGGGAT,0.01565680288085173,1
V3,ACACTGTCGAGCGGCTATGCCCAAGCAGCCGACGACATCTTATGGGAT,0.03131360576170346,2
V3,AAGCTTTCTGGCGGCTATGCCCCAGCCGCAGCCGACGACATCTTATGGGAT,0.01565680288085173,1
V3,ACACTCTCTAGCGGCTATGCCCAAGCAGCCGACGACATCTTATGGGAT,0.01565680288085173,1
V3,ACACTGTATAGCGGCTATGCCCAAGCAGCCGACGACATCTTATGGGAT,0.01565680288085173,1
V3,ACACTGTCTAGCGGCTATGCCCAAGCAGCCGACGAAATCTTATGGGAT,0.03131360576170346,2
V3,ACGCTTTCTGGCGGCTATGCCCCAGCCGCAGCCGACGACATCTTATGGGCT,0.01565680288085173,1
V3,ACACTGCCTAGCGGCTATGCCCAAGCAGCCGACGACATCTTATGGGAT,0.06262721152340692,4
V3,ACGCTTACTGGCGACTATGCCCGAGCCGCAGCCGCAGCCGACGACATCTTATGGGAT,0.01565680288085173,1
V3,ACGCTTTCTGTCGGCTATGCCCCAGCCGCAGCCGACGACATCTTATGGGAT,0.03131360576170346,2
V3,ACGCTTTCTGGCGGCTATGCCCCAGCCGCAGCCGACGACATCTTATTGGAT,0.01565680288085173,1
V3,ACACTGTCTAGCGGCTATGCCCAAGCAGCCGACGACATCTTTTGGGAT,0.01565680288085173,1
V3,ACACTGTCTAGCGGCTATGCCACAGCCCGAGCCCCAGCCAATGACATCTTATGGGAT,0.03131360576170346,2
V3,ACACTGTCTAGCGGCTATGCCCAAGCAGCCGACGACATCTTATGTGAT,0.046970408642555195,3
V3,ACACTGTCTATCGGCTATGCCCAAGCAGCCGACGACATCTTATGGGAT,0.03131360576170346,2
V3,ACACTGTCTAGCGGCTATGCCCAAGCAGCCGACGANATCTTATGGGAT,0.01565680288085173,1
V3,ACACTGTCNAGCGGCTATGCCCAAGCAGCCGACGACATCTTATGGGAT,0.03131360576170346,2
V3,ACGCTTTCTGGCGGCTATGCCCCAGCCGCAGACGACGACNTCTTATGGGAT,0.01565680288085173,1
V3,ACACTGTCTAGCGGCTATGCCCAATCAGCCGACGACATCTTATGGGAT,0.01565680288085173,1
V3,ACACTGTCTAGCGGCTATGCCCAAGCAGCCGAAGACATCTTATGGGAT,0.01565680288085173,1
V3,ACACTGTCTAGCGGCTATGCCCAAGCAGCCGCAGCCGACGACATCTCATGGGAT,0.01565680288085173,1
V3,ACACTGTCTAGCGGCTATGCCCAAGCAGCCGACGACAACTTATGGGAT,0.01565680288085173,1
V3,ACACTGTCTAGCGGCTATGCCCAAGCAGCCGACAACATCTTATGGGAT,0.01565680288085173,1
V3,ACACTGTCTAGCGGCTATGCCCAAGCAGCCAACGACATCTTATGGGAT,0.03131360576170346,2
V3,ACGCTTTCTGGCGGCTATGCCCCAGCCGCAGCCGACGACATCTTATGTGAT,0.01565680288085173,1
V3,ACGCTTTCTGGCGGCTATGCCCCAGCCGCAGCCGACGACANCTTATGGGAT,0.01565680288085173,1
V3,ACGCTTTCTCGCGGCTATGCCCCAGCCGCAGCCGACGACATCTTATGGGAT,0.01565680288085173,1
V3,ACGCTTTCTGGCGGCTATGCCCCAGCCGCAGCCGACGACATCTTCTGGGAT,0.01565680288085173,1
V3,ACGCTTTCTGNCGGCTATGCCCCAGCCGCAGCCGACGACATCTTATGGGAT,0.01565680288085173,1
V3,ACACTGTCTATCGGCTATGCCCAAGCAGCCGACGACATCTTTTGGGAT,0.01565680288085173,1
V3,ACACTGTCTAGCGTCTATGCCCAAGCAGCCGCAGCCGACGACATCTTATGGGAT,0.01565680288085173,1
V3,ACGCTAACTGGCGGCTATGCCCCAGCCGCAGCCGACGACATCTTATGGGAT,0.01565680288085173,1
V3,ACGCTTTCTGGCGGCTATGCCCCAGCAGCAGCCGACGACATCTTATGGGAT,0.01565680288085173,1
V3,ACACTGTCTAGCGGCTATGCCCAAGCAGCCGCAGCCGACGACATCTTANGGGAT,0.01565680288085173,1
V3,ACTCTGTCTAGCGGCTATGCCCAAGCAGCCGACGACATCTTATGGGAT,0.01565680288085173,1
V3,ACGCTTTCTGGCGGCTATGCCCAACCCCCAGCCAACATCTTATGGGAT,0.09394081728511039,6
V3,ACGCTTTCTGGCGACTATGCCCGAGCCGCAGCCGCAGCCGACGAAATCTTATGGGAT,0.03131360576170346,2
V3,ACGCTTTCTGGCGGCTATGTCCCAGCCGCAGCCGACGACATCTTATGGGAT,0.01565680288085173,1
V3,ACGCTTTCTGGCGTCTATGCCCCAGCCGCAGCCGACGACATCTTATGGGAT,0.046970408642555195,3
V3,ACGCTTTCTGGCGGCTATGCACCAGCCGCAGCCGACGACATCTTATGGGAT,0.01565680288085173,1
V3,ACACTGTCTAGCGGCTATGACCAAGCAGCCGACGACATCTTAGGGGAT,0.01565680288085173,1
V3,ACACTGNCTAGCGGCTATGCCCAAGCAGCCGACGACATCTTATGGGAT,0.01565680288085173,1
V3,ACGCTTTCTGGCGGCTATGCCCCAGCCGCAGCCGACGACATCTGATGGGAT,0.03131360576170346,2
V3,ACGCTTTCTGGCGGCTAGGCCCCAGCCGCAGCCGACGACATCTTATGGGAT,0.03131360576170346,2
V3,ACGCTTTCTGGCGGCTATGCCCCAGCCGCAGCCGTCGACATCTTATGGGAT,0.01565680288085173,1
V3,ACACTGTCTAGCGGCTATGCCCAAGCAGCCGACGACATCTTATGGTAT,0.046970408642555195,3
V3,ACAATGTCTAGCGGCTATGCCCAAGCAGCCGCAGCCGACGACATCTTATGGGAT,0.01565680288085173,1
V3,ACACTGTCTAGAGGCCATGCCCAAGCAGCCGACGACATCTTATGGGAT,0.01565680288085173,1
V3,ACACTGTCTAGCGGCTATGACCAAGCAGCCGACGACATCTTATGGGAT,0.01565680288085173,1
V3,ACACTGTCTAGCTGCTATGCCCAAGCAGCCGACGACATCTTATGGGAT,0.03131360576170346,2
V3,ACACTGTCTAGCGGCTATGCCCAAGCAGCCGACGACTTCTTATGTGAT,0.01565680288085173,1
V3,ACACTGTCTAGCGGCTATTCCCAAGCAGCCGACGACATCTTATGGGAT,0.01565680288085173,1
V3,ACACTGTCTAGCGGCTATGCCCAAGCATCCGACGACATATTATGGGAT,0.01565680288085173,1
V3,ACACTGTCTAGCGGCTATGCCCAAGCAGCCGACGACATCTTATTGGAT,0.046970408642555195,3
V3,ACACTGTCTAGCGGCTATGCCCAAGCAGCCGACGCCATCGTATGGGAT,0.01565680288085173,1
V3,ACACTGTCTGGCGGCTATGCCCAAGCAGCCGACGACATCTTATGGGAT,0.01565680288085173,1
V3,ACACTGTCTAGCGGCTATGCCCAAGCAGCCGAAGACATCTTATGGGTT,0.01565680288085173,1
V3,ACACTGTCTAGCGGCTATGCCCAAGCAGCCGACGACATCTTANGGGAT,0.01565680288085173,1
V3,ANGCTTTCTGGCGACTATGCCCGAGCCGCAGCCGCAGCCGACGACATCTTATGGGAT,0.01565680288085173,1
V3,ACACTGTCTAGCGGCTATGCCCAAGCAGTCGACGACATCTTATGGGAT,0.03131360576170346,2
V3,GCGCTTTCTGGCGACTATGCCCGAGCCGCAGCCGCAGCCGACGACATCTTATGGGAT,0.01565680288085173,1
V3,ACACTGTCTAGCGGCTATGCCCAAGCAGCCGGCGACATCTTATGGGAT,0.01565680288085173,1
V3,ACGCCTTCTGGCGGCTATGCCCCAGCCGCAGCCGACGACATCTTATGGGAT,0.01565680288085173,1
V3,ACGCTTTCTGGCGGCTATGCCCCAGCCACAGCCGACGACATCTTATGGGAT,0.03131360576170346,2
V3,ACGATTTCTGGCGGCTATGCCCCAGCCGCAGCCGACGACATCTTATGGGAT,0.01565680288085173,1
V3,ACACTGTCTAGCGGCTATGCCCAAGCAGCCGACGTCATCTTATGGGAT,0.01565680288085173,1
V3,ACACTGTCTAGCGGCTATGCCCAAGCAGCCGACGACATNTTATGGGAT,0.01565680288085173,1
V3,ACACTGTCTAGCGGCCATGCCCAAGCAGCCGACGACATCTTATGGGAT,0.03131360576170346,2
V3,ACACTGTCTAGCGGCTCTGCCCAAGCAGCCGACGACATCTTATGGGAT,0.01565680288085173,1
V3,ACTCTTTCTGGCGGCTATGCCCCAGCCGCAGCCGACGACATCTTATGGGAT,0.046970408642555195,3
V3,ACACTGTCTAGCGGCTATGCCCAAGCAGCCGACGACATCTTAGGGGAT,0.01565680288085173,1
V3,ACGCTTTCTGGCGGCTATGCCCCAGCCGCAGCCGACGACATCGTATGGGAT,0.01565680288085173,1
V3,ACGCGTTCTGGCGGCTATGCCCCAGCCGCAGCCGACGACATCTTATGGGAT,0.01565680288085173,1
V3,ACACTGTCTAGCGGCTATGCCCCAGCAGCCGACGACATCTTATGGGAT,0.01565680288085173,1
V3,ACACTGTATAGCGGATATTCCCAAGCAGCCGACGACATCTTATGGGAT,0.01565680288085173,1
V3,ACACGGTCTAGCGGCTATGCCCAAGCAGCCGACGACATCTTATGGGAT,0.01565680288085173,1
V3,ACACTGTCTAGCGGCTATGCCCAAGCAGACGACGACATCTTATGGGAT,0.03131360576170346,2
V3,ACACTGTCTAGCGGCTATGCCCAAGAAGCCGCAGCCGACGACATCTTATGGGAT,0.01565680288085173,1
V3,ACACTGTCTAGCGGCTATGCCCAAGCATCCGACGACATCTTATGGGAT,0.01565680288085173,1
V3,ACACTGTCTAGCGGCTATGCCCAAGCAGCCGACGACATCTTATGGGCG,0.01565680288085173,1
V3,ACACTGTCTAGCGGCTATGCCCAAGCAGCAGACGACATCTTATGGGAT,0.03131360576170346,2
V3,ACGCTTTCTGGCGGCTATGCCCCAGCCGCAGCCGACGTCATCTTATGGGAT,0.01565680288085173,1
V3,ACGCTTTCTGGCGACTATGCCCGAGCCTCAGCCGCAGCCGACGACATCTTATGGGAT,0.01565680288085173,1
V3,ACGCTTTCTGGCGGCTATGCCCCAGCCGCGGCCGACGACATCTTATGGGAT,0.01565680288085173,1
V3,ACGCTTTCTGGCGGCTANGCCCCAGCCGCAGCCGACGACATCTTATGGGAT,0.01565680288085173,1
V3,ACACTGTCTAGCGGCTATGCCCAAGCAGCCGACGGCATCTTATGGGAT,0.01565680288085173,1
V3,ACACTGTCTAGCGGCTATGCCCAAGCAGCCGACGACATCTNATGGGAT,0.01565680288085173,1
V3,ACGCTTTCTGGCGGCTATGCCCCAGCCGCAGCCGACGAAATCTTATGGGAT,0.01565680288085173,1
V3,ACACTGTCTAGCGGCTATGCCCAAGCAGCCTACGACATCTTATGGGAT,0.01565680288085173,1
V3,ACGCTTTCNGGCGGCTATGCCCCAGCCGCAGCCGACGACATCTTATGGGAT,0.01565680288085173,1
V3,ACACTGTCTAGCGGCTATGCCCAAGCAGCCGACGACATCTTCTGGGAT,0.01565680288085173,1
V3,ACGCTTTCTGGCGGCTATGCCCCAGCCGCAGCCTACGACATCTTATGGGAT,0.03131360576170346,2
V4,ACAGACGTGGGGCATAAGAAAGAGAATGCAGCGAACGTCAATGGCATAGG,92.98113207547169,7392
V4,ACAGACGTGGGGCATAAGAAAGAGANTGCAGCGAACGTCAATGGCATAGG,0.07547169811320754,6
V4,ACAGACGTGGGGCGTAAGAAAGACGGAGCGCAGGGCACCGTAGG,4.213836477987421,335
V4,ACAGACGTGGGGCATAAGAAAGAGAATGCAGCGANCGTCAATGGCATAGG,0.03773584905660377,3
V4,ACAGACGTGGGGCATAAGAAAGAGAATGCAGCGAACGTCAATGGCATTGG,0.05031446540880503,4
V4,ACAGACGTGGGGCATAAGAAAGAGAATGCAGCGAATGTCAATGGCATAGG,0.03773584905660377,3
V4,ACAGACGTGGGGCATAAGAAAGAGAANGCAGCGAACGTCAATGGCATAGG,0.025157232704402514,2
V4,ACAGACGTGGGGCATAAGACAGAGAATGCTGCGAACGTCAATGGCATAGG,0.012578616352201257,1
V4,ACAGANGTGGGGCATAAGAAAGAGAATGCAGCGAACGTCAATGGCATAGG,0.012578616352201257,1
V4,ACAGACGTGGGGCATAAGAAAGAGAAGGCAGCGAACGTCAATGGCATAGG,0.025157232704402514,2
V4,ACAGACGTGGGGCATAAGAAAGAGAATGTAGCGAACGTCAATGGCATAGG,0.13836477987421383,11
V4,ACAGAAGTGGGGCATAAGAAAGAGAATGCAGCGAACGTCAATGGCATAGG,0.05031446540880503,4
V4,ACAGACGTGGGGCATAAGAAAGAGAATTCAGCGAACGTCAATGGCATAGG,0.06289308176100629,5
V4,ACAGTCGTGGGGCATAAGAAAGAGAATGCAGCGAACGTCAATGGCATAGG,0.012578616352201257,1
V4,ACAGACGTGGGGCAGAAGAAAGAGAATGCAGCGAACGTCAATGGCATAGG,0.05031446540880503,4
V4,ACAGACGTGGGGCATAAGAAAGAGAATGCAGCGAAAGTCAATGGCATAGG,0.05031446540880503,4
V4,ACAGACGTGGGGCATAAGAAAGATAATGCAGCGAACGTCAATGGCAGAGG,0.012578616352201257,1
V4,ACAGACGTGGGGCATAAGAAAGAGACTGCAGCGAACGTCAATGGCATAGG,0.07547169811320754,6
V4,ACAGACGTGGGGCATAAGAAAGAGAATGAAGCGAACTTCAATGGCATAGG,0.012578616352201257,1
V4,ACAGACGTGGGGCATAAGAAAGAGAATGCCGCGAACGTCAATGGCATAGG,0.012578616352201257,1
V4,ACAGACGTGGGGCATAAGAAAGAGAATGCAGCGCACGTCAATGGCATAGG,0.012578616352201257,1
V4,ACAGACGTGGGGCATAAGAAAGAGAATGCATCGAACGTCAATGGCATAGG,0.03773584905660377,3
V4,ACAGACGTGGGGCATAAGAANGAGAANGCAGCGAACGTCAATGGCATAGG,0.012578616352201257,1
V4,ACAGACGTGGGGCATAAGAAAGAGAATGCAGCTATCGTCAATGGCATAGG,0.012578616352201257,1
V4,ACAGACGTGGGGCATAGGAAAGAGAATGCAGCGAACGTCAATGGCATAGG,0.025157232704402514,2
V4,ACAGACGTGGGGCATAAGAAAGAGAATGCAGCGAACGTCAATGGCATGGG,0.05031446540880503,4
V4,ACAGACGTGGGGCACAAGAAAGAGAATGCAGCGAACGTCAATGGCATAGG,0.012578616352201257,1
V4,ACAGACGTGGGGCATAAGAAAGAGAATGCGGCGAACGTCAATGGCATAGG,0.025157232704402514,2
V4,GCAGACGTGGGGCATAAGAAAGAGAATGCAGCGAACGTCAATGGCATAGG,0.012578616352201257,1
V4,ACAGACGTGGGGAATAANAAAGAGAATGCAGAGAACGTCAATGGCATANG,0.012578616352201257,1
V4,ACAGACGTGGGGCATAAGAAATAGAATGCAGCGAACGTCAATGGCATAGG,0.012578616352201257,1
V4,CCAGACGTGGGGCATAAGAAAGAGAATGCAGCGAACGTCAATGGCATAGG,0.05031446540880503,4
V4,ACAGACGTGTGGCATAAGAAAGAGAATGCAGCGAACGTCAATGGCATAGG,0.06289308176100629,5
V4,ACAGACGTGGGGCAAAAGAAAGAGAATGCAGCGAACGTCAATGGCATAGG,0.012578616352201257,1
V4,ACAGACGTGGGGCATAAGAAAGAGAATGCAGCGACCGTCAATGGCATAGG,0.025157232704402514,2
V4,ACAGACGTGGGGCATAAGAAAGAGAATGAAGCGAACGTCAATGGCATAGG,0.012578616352201257,1
V4,ACAGACGTGGGGCCTAAGAAAGAGAATGCAGCGAACGTCAATGGCATAGG,0.10062893081761005,8
V4,ACAGACGTGGGGCATAAGGAAGAGAATGCAGCGAACGTCAATGGCATAGG,0.012578616352201257,1
V4,ACAGACGTGGGGCGTAAGAAAGACGGAGCGCTGGGCACCGTAGG,0.012578616352201257,1
V4,ACAGACGTGGGGCATAAGAAAGAGAATGCAGCGAACGTAAATGGCATAGG,0.025157232704402514,2
V4,ACAGACGTGGTGCGTAAGAAAGACGGAGCGCAGGGCACCGTAGG,0.012578616352201257,1
V4,ACAGACGTGGGGCATAAGAAAGAGAATGCAGNGAACGTCAATGGCATAGG,0.025157232704402514,2
V4,ACAGACGTGGGGCATAAGAAATATAATGCAGCGAACGTCAATGGCATAGG,0.012578616352201257,1
V4,ACAGACGTGGGGCATAAGAAAGAGAATGCAGCGAACGTCAANGGCATAGG,0.025157232704402514,2
V4,ACAGACGTGGGGCATAAGACAGAGAATGCAGCGAACGTCAATGGCATAGG,0.06289308176100629,5
V4,ACAGACGTGGGGCATAAGAAAGAGAATGCAGCGAACGTCAAAGGCATAGG,0.012578616352201257,1
V4,ACAGACGTGGGGAATAAGAAAGAGAATGCAGCGAACGTCAATGGCATAGG,0.03773584905660377,3
V4,ACAGACGTGGGGCATAAGAAAGNGAATGCAGCGAACGTCAATGGCATAGG,0.012578616352201257,1
V4,TGTGACGTGGGGCATAAGAAAGAGAATGCAGCGAACGTCAATGGCATAGG,0.012578616352201257,1
V4,ACAGACGTGGGGCATAAGAAAGAGAATGCAGCGAACGTCAATGTCATAGG,0.025157232704402514,2
V4,ACAGACGTGGGGCATAAGAAAGAGAATGCAGAGAACGTCAATGGCATAGG,0.06289308176100629,5
V4,ACAGACGTGGGGCATAAGAAAGAGAATGCAGCGAACGTCAATGGCATCGG,0.03773584905660377,3
V4,ACAGACTTGGGGCATAAGAAAGAGAATGCAGCGAACGTCAATGGCATAGG,0.03773584905660377,3
V4,ACAGACGTGGGGCATAAGAAAGATAATGCAGCGAACGTCAATGGCATAGG,0.025157232704402514,2
V4,ACAGACGTGGGGCATAAGAAAGAGAATGCAGCGAACGTCAATGGTATAGG,0.025157232704402514,2
V4,ACAGACGTGGGGCNTAAGAAAGAGAATGCAGCGAACGTCAATGGCATAGG,0.012578616352201257,1
V4,ACAGACGTGGGGCATAAGAAAGAGAATGCAGCGAACGTCAATGGCATAGA,0.012578616352201257,1
V4,ACAGACGTGGGGCATAAGAAAGAGAATGCAGCGAACGTCAATGGCATNGG,0.025157232704402514,2
V4,ACAGACGTGGTGCATAAGAAAGAGAATGCAGCGAACGTCAATGGCATAGG,0.012578616352201257,1
V4,ACAGACGTGGGGCATAAGAAAGAGACTGCAGCGAACGTCAATGGCCTAGG,0.012578616352201257,1
V4,ACAGACGTGGGGCATAAGAAAGAGAATGCAGCGAACGTCACTGGCATAGG,0.012578616352201257,1
V4,ACAGACGTGGGGCATAAGAAAGAGAATGNAGCGAACGTCAATGGCATAGG,0.012578616352201257,1
V4,ACAGACGTGGGGCATAAGAAAGAGAATGCAGCGAACGTCAACGGCATAGG,0.012578616352201257,1
V4,ACAGACGTGGGGTATAAGAAAGAGAATGCAGCGAACGTCAATGGCATAGG,0.012578616352201257,1
V4,ACAGACGTGGTGCATAACAAAGAGAATGCAGCGAACGTNAATGGCATAGG,0.012578616352201257,1
V4,ACCGACGTGGGGCATAAGAAAGAGAATGCAGCGAACGTCAATGGCATAGG,0.012578616352201257,1
V4,AGAGACGTGGGGCATAAGAAAGAGAATGCAGCGAACGTCGATGGCATAGG,0.012578616352201257,1
V4,ACAGACGTTGGGCATAAGAAAGAGAATGCAGCGAACGTCAATGGCATAGG,0.025157232704402514,2
V4,ACAGACGTGGGGCATAAGAAAGAGAATGCAGCTAACGTCAATGGCATAGG,0.025157232704402514,2
V4,ACAGACGTGGGGCGTCAGAAAGACGGAGCGCAGGGCACCGTAGG,0.012578616352201257,1
V4,ACAGACGTGGGGCATAAGAAAGAGAATGCAGCGAACGACAATGGCATAGG,0.012578616352201257,1
V4,ACAGACGTGGGGCATAAGAAAGAGAATGCAGCGAACATCAATGGCATAGG,0.012578616352201257,1
V4,ACATACGTGGGGCATAAGAAAGAGAATGCAGCGAACGTCAATGGCATAGG,0.025157232704402514,2
V4,ACAGACGTGGGGCATAAGAAAGAGAACGCAGCGAACGTCAATGGCATAGG,0.012578616352201257,1
V4,ACAGACGTGGGGCATAAGAAAGAGAATGCAGCGAACGTCAATGNCATAGG,0.025157232704402514,2
V4,ACAGACGTGGGGCATNAGAAAGAGAATGCAGCGAACGTCAATGGCATAGG,0.025157232704402514,2
V4,ACAGACGTGGGGCATAAGAAAGAGAATGCAGCGAACGTCAATTGCATAGG,0.012578616352201257,1
V4,ACAGACGTGGGGCATAAGAAAGAGAATGCAGCGAACGTCAATGGCATATG,0.03773584905660377,3
V4,ACAGACGTGGGGCATAAGAAAGAGAATGCAGCGAACGTCAATGGCACAGG,0.012578616352201257,1
V4,ACAGACGTGGGGCATAAGTAAGAGAATGCAGCGAACGTCAATGGCATAGG,0.012578616352201257,1
V4,ACAGACGTGGGGCATAAGAAAGAGAATACAGCGAACGTCAATGGCATAGG,0.025157232704402514,2
V4,ACAGACGTGGGGCATAAGAAANAGAATGCAGCGAACGTCAATGGCATAGG,0.012578616352201257,1
V4,ACAGACGTGGGGCATANGAAAGAGAATGCAGCGAACGTCAATGGCATAGG,0.012578616352201257,1
V4,ACGGACGTGGGGCATAAGAAAGAGAATGCAGCGAACGTCAATGGCATAGG,0.012578616352201257,1
V4,ACAGANGTGGGGCATAAGAAAGAGAATGCAGCGAACGTCAATGGNATAGG,0.012578616352201257,1
V4,ACAGACGTGGGGCATAAGAAAGAGAANGCAGCGAACGTCANTGGCATAGG,0.012578616352201257,1
V4,ACAGACGTGGGGCATAAGAAAGAGAATGCAGCGAACGTCAATGGCATAGT,0.025157232704402514,2
V4,ACAGACGTGGGGCATAAGAAAGAGAATGCAGCGAACTTCAATGGCATAGG,0.025157232704402514,2
V4,ACAGACGTGGGGCGTAAGAAAGACGGAGCGAAGGGCACCGTAGG,0.012578616352201257,1
V4,ACAGACGTGGGGCATAAGAAAGTGAATGCAGCGAACGTCAATGGCATAGG,0.012578616352201257,1
V4,ACAGACGTGGGGCATAAGAAAGAGNATGCAGCGAACGTCAATGGCATAGG,0.012578616352201257,1
V4,ACAGACGTGGGGCATACGACAGAGAATGCAGCGAACGTCAATGGCATAGG,0.012578616352201257,1
V4,ACNGACGTGGGGCATAAGAAAGAGAATGCAGCGAACGTCAATGGCATAGG,0.012578616352201257,1
V4,ACAGACGTGGGGCATAAGAAAGAGAATGCAGCGAACGTCAATGGCATANG,0.012578616352201257,1
V4,TCAGACGTGGGGCATAAGAAAGAGAATGCAGCGAACGTCAATGGCATAGG,0.012578616352201257,1
V4,ACAGAGGTGGGGCCTACGAGAGAGGATGCCGCGAACGTCAATGGCATAGG,0.012578616352201257,1
V4,ACAGACGTGGGGCATAAGAAAGAGAATGCAGCGAACGTCATTGGCATAGG,0.012578616352201257,1
V4,ACAGACGTGGGGCGTAAGAAAGACGGAGTGCAGGGCACCGTAGG,0.012578616352201257,1
V4,ACAGACGTGGGGCATAAGAAAGAGAATGCAGCGATCGTCAATGGCATAGG,0.012578616352201257,1
V4,ACAGACGTGGGGCATAAGAAAGAGAATGCAGCGAACGTCAATGGCAGAGG,0.012578616352201257,1
V4,ACAGACGTGGGGCATAAGAAAGAGAATGCAGCGAACGTCAAGGGCATAGG,0.012578616352201257,1
V4,ACAGACGTGGGGCGTAAGAAAGACGGAGCGCAGGGCACAGTAGG,0.012578616352201257,1
V4,ACAGACGTGGGTCATAAGAAAGAGAATGCAGCGAACGTCAATGGCATAGG,0.012578616352201257,1
V4,ACAGACGTGGGCCATAAGAAAGAGAATGCAGCGAACGTCAATGGCATAGG,0.012578616352201257,1
V4,ACAGACGTGGGGCATAAGAAAGAGAATNCAGCGAACGTCAATGGCATAGG,0.025157232704402514,2
V4,ACAGACGTGNGGCATAAGAAAGAGNATGCAGCGAACGTCAATGGCATAGG,0.012578616352201257,1
V4,ACAGACGTGGGGCATAAGAAAGAGAATGCAGCGAACGTCAATGGGATAGG,0.012578616352201257,1
V4,ACAGACGTGGGGCATAAGAAAGAGAATGCAGCGTACGTCAATGGCATTTG,0.012578616352201257,1
V4,ACAGACGTGGGGCATAAGAAAGAGAATGCAGCGTACGTCAATGGCATAGG,0.012578616352201257,1
V4,ACAGACGTGGGGCATAAGAAAGAGAATGCAGCGAACGTCGATGGCATAGG,0.012578616352201257,1
V4,AAAGACGTGGGGCATAAGAAAGAGAATGCAGCNAACGTCAATGGCATAGG,0.012578616352201257,1
V4,ACAGACGTGGGGCGTAAGAAAGACGGAGCGCAGGGCACCATAGG,0.012578616352201257,1
V4,ACAGACATGGGGCATANGAAAGAGAATGCAGCGAACGTCAATGGCATAGG,0.012578616352201257,1
V4,ACAGACGTGGGGCGTAAGAAAGACTGAGCGCAGGGCACCGTAGG,0.012578616352201257,1
V4,ACAGACGTGGGGCATAAGAAAGAGAATGCAGCNAACGTCAATGGCATAGG,0.012578616352201257,1
V4,ACAGTCGTGGGGCATATGAAAGAGAATGCAGCGAACGTCAATGGCATAGG,0.012578616352201257,1
V4,ACAGACGTGGGGCGTTAGAAAGAGAATGCAGCGAACGTCAATGGCATAGG,0.012578616352201257,1
V4,ACAGTCGTGGGGCATAAGAAAGAGAATGCAGCGTACGTCAATGGCATAGG,0.012578616352201257,1
V4,ACAGACGTGGGGCATAAGAAAGAGAATGCAGCGAACGTCTATGGCATAGG,0.012578616352201257,1
V4,ACAGACGTGGGGCGTAAGAAAGACGTAGCGCAGGGCACCGTAGG,0.012578616352201257,1
V4,ACAGACGTGGGGCATAAGAAAGAGAATGCAGCGAACGTCAATGGCGTAGG,0.012578616352201257,1
V4,ACAGAGGTGGGGCATAAGAAAGAGAATGCAGCGAACGTCCATGGCATGGG,0.012578616352201257,1
V4,ACAGACGTGGGGCATAAGAAAGAGAGTGCAGCGAACGTCAATGGCATAGG,0.012578616352201257,1
V4,ACAGTCGTGGGGCATAAGTAAGAGAATGCAGCGAACGTCAATGGCATAGG,0.012578616352201257,1
V4,ACAGACATGGGGCATAAGAAAGAGAATGCAGCGAACGTCAATGGCATAGG,0.012578616352201257,1
V4,ACAGACGTGGGGCATAATAAAGAGAATGCAGCGAACGTCAATGGCATAGG,0.025157232704402514,2
V4,ACAGACGTGGGGCATTAGAAAGAGAATGCAGCGAACGTCAATGGCATAGG,0.025157232704402514,2
V5,AAGGCCAGCAATGTATTCGAGGGAGTATTTCTCACCAATGCCATGGACATGCAGACGCACGACTGT,24.305275875956504,1207
V5,AAGGCCAGCAATGTGTTTAAAGACGTCTTTCTCACCAATGCCATGGACATGCAGACGCACGACTGT,67.74063632702376,3364
V5,AAGGCCAGCAATGTATTCGGGGGAGTATTTCTCAACATGGCCATGACCGCACACGACTGT,3.8260169150221506,190
V5,AAGGCCAGCAATGTATTCGAGGGAGTATTTCTCACCAATGCCATGGACATGCAGANGCACGACTGT,0.02013693113169553,1
V5,AAGGCCAGCAATGTATTCGGGGTAGTATTTATCAACTTGGCCATGACCGCACACGACTGT,0.02013693113169553,1
V5,AAGGCCAGCACTGTGTTTAAAGACGTCTTTCTCACCAATGCCATGGACATGCAGACGCACGACTGT,0.02013693113169553,1
V5,GAGGCCAGCAATGTATTCGAGGGAGTATTTCTCACCAATGCCATGGACATGCAGACGCACGACTGT,0.02013693113169553,1
V5,AAGGCCAGCAATGTGTTTAAAGACGTCTTTCTCACCAATGCCATGGACATGCAGACTCACGACTGT,0.08054772452678212,4
V5,AAGGCCAGCAATGTATTCGAGGGAGTATTTCTCACCAATGCCATGGACATGCAGACGCTCGACTGT,0.02013693113169553,1
V5,AAGGCCAGCAATTTGTTTAAAGACGTCTTTCTCACCAATGCCATGGACATGCAGACGCACGACTGT,0.02013693113169553,1
V5,AAGGCCAGCAATGTTTTCGAGGGAGTATTTCTCACCAATGCCATGGACATGCAGACGCACGACTGT,0.060410793395086586,3
V5,AAGGCCCGCAATGTGTTTAAAGACGTCTTTCTCACCAATGCCATGGACATGCAGACGCACGACTGT,0.02013693113169553,1
V5,AAGGCCAGCAATGTATTCGAGGGAGTATTTCTCACCAATGCCATGGACATGCAGACGCATGACTGT,0.02013693113169553,1
V5,AAGGCCAGCAATGTGTTTAAAGACGTCTTTCTCACCAATGCCATGTACATGCAGACGCACGACTGT,0.02013693113169553,1
V5,AAGGCCAGCAATGTATTCGGGGGAGTATTTCTCAACATGGCCATGACCGCACTCGACTGT,0.02013693113169553,1
V5,AAGGCCAGCAATGTGTTTAAAGACGTCTTTCTCACCAATGCCATGGACATGCAAACGCACGACTGT,0.04027386226339106,2
V5,AAGGCCAGAAATGTGTTTAAAGACGTCTTTCTCACCAATGCCATGGACATGCAGACGCACGACTGT,0.02013693113169553,1
V5,AAGGCCAGCAATGTATTCGAGGGAGTATTGCTCACCAATGCCATGGACATGCAGACGCACGACTGT,0.02013693113169553,1
V5,AAGGCCAGCAATGAGTTTAAAGACGTCTTTCTCACCAATGCCATGGACATGCAGACGCACGACTGT,0.02013693113169553,1
V5,AAGCCCAGCAATGTGTTTAAAGACGTCTTACTCACCAATGCCATGGACATGCAGACGCACGACTGT,0.02013693113169553,1
V5,AAGGCCAGCAATGTGTTTAAAGACGTCTTTNTCACCAATGCCATGGACATGCAGACGCACGACTGT,0.02013693113169553,1
V5,AAGGCCAGCAATGTATTCGAGGGAGTTTTTCTCACCAATGCCATGGACATGCAGACGCACGACTGT,0.02013693113169553,1
V5,AAGGCCAGCAATGTGTTTAAAGACGTCTTTCTCACCAANGCCATGGACATGCAGACGCACGACTGT,0.04027386226339106,2
V5,AAGGCCAGCAATGTGTTTAAAGACGTCTTTCTCACCTATGCCATGGACATGCAGACGCACGACTGT,0.02013693113169553,1
V5,AAGGNCAGCAATGTGTTTAAAGACGTCTTTCTCACCAATGCCATGGACATGCAGACGCACGACTGT,0.02013693113169553,1
V5,AAGGCCAGCAATGTGTTTAAAGACGTCTTTCTCACCAATGCCATGGTCATGCAGACGCACGACTGT,0.02013693113169553,1
V5,AAGGCCAGCAATGTGTTTAAAGACGTCTTTCTCACCAATGCCATGGACATGCAGACGCATGACTGT,0.02013693113169553,1
V5,AAGGCCAGCAATGTGATTAAAGACGTCTTTCTCACCAATGCCATGGACATGCAGACGCACGACTGT,0.02013693113169553,1
V5,AAGGCCAGCAANGTGTTTAAAGACGTCTTTCTCACCAATGCCATGGACATGCAGACGCACGACTGT,0.02013693113169553,1
V5,AAGGCCAGCAATGTGTTTAAAGACGTCTTTCTCACCAATGCCATGGACATGNAGACGCACGACTGT,0.060410793395086586,3
V5,AAGGCCAGCAATGTGTTTAAAGACGTATTTCTCACCAATGCCATGGACATGCAGACGCACGACTGT,0.04027386226339106,2
V5,AAGGCCAGCAATGTATTCGAGGGAGTAGTTCTCACCAATGCCATGGACATGCAGACGCACGACTGT,0.02013693113169553,1
V5,AAGGCCAGCAATGTGTTTAAAGACGTCTATCTCACCAATGCCATGGACATGCAGACGCACGACTGT,0.02013693113169553,1
V5,AAGGCCAGCANTGTATTCGGGGGAGTATTTCTCAACATGGCCATGACCGCACACGACTGT,0.04027386226339106,2
V5,AAGGCCAGCAATGTGTTTAAAGACGTCTTTCTCACCAATGCCATGGACATGCAGACGCACTACTGT,0.060410793395086586,3
V5,AAGGCCAGCANTGTGTTTAAAGACGTCTTTCTCACCAATGCCATGGACATGCAGACGCACGACTGT,0.04027386226339106,2
V5,AAGGCCAGCAATGTATTCGGGGGAGTATTTCTAAACATGGCCATGACCGCACACGACTGT,0.02013693113169553,1
V5,AAGGCCAGCAATGTATTCGAGGGAGTATTTCTCACCAATGCCATNGACATGCAGACGCACGACTGT,0.02013693113169553,1
V5,AAGGCNAGCAATGTGTTTAAAGACGTCTTTCTCACCAATGCCATGGACATGCAGACGCACGACTGT,0.02013693113169553,1
V5,AAGGCCAGCAATGTGTTTAAAGACGTCTTTCTCACCAATGACATGGACATGCAGACGCACGACTGT,0.08054772452678212,4
V5,AAGGCCAGCAATGTGTTTAAAGTCGTCTTTCTCACCAATGCCATGGACATGCAGACGCACGACTGT,0.04027386226339106,2
V5,AAGGCCAGCAATGTATTCGAGGGAGTATTTCTCACCAATGCCATGGACATGCATACGCACGACTGT,0.04027386226339106,2
V5,AAGGCCAGCANTGTATTCGAGGGAGTATTTCTCACCAATGCCATGGACATGCAGACGCACGACTGT,0.02013693113169553,1
V5,CAGGCCAGCCATGTATTCGAGGGAGTATTTCTCACCAATGCCATGGACATGCAGACGCACGACTGT,0.02013693113169553,1
V5,AAGGCCAGNAATGTGTTTAAAGACGTCTTTCTCACCAATGCCATGGACATGCAGACGCACGACTGT,0.02013693113169553,1
V5,AAGGTCAGCAATGTGTTTAAAGACGTCTTTCTCACCAATGCCATGGACATGCAGACGCACGACTGT,0.02013693113169553,1
V5,AAGGCCAGCAATGTGTTTAAAGGCGTCTTTCTCACCAATGCCATGGACATGCAGACGCACGACTGT,0.02013693113169553,1
V5,AAGGCCAGCAATGTGTTTAAAGACGTCTTTCTCACCAATGCCATGGACATGCAGACGCTCGACTGT,0.02013693113169553,1
V5,AAGGCCAGCAATGTGTTTAAAGACGTCTTTCTCACCAATACCATGGACATGCAGACGCACGACTGT,0.02013693113169553,1
V5,AAGGCCAGCAATGTGGTTAAAGACGTCTTTCTCACCAATGCCATGGACATGCAGACGCACGACTGT,0.02013693113169553,1
V5,AAGGCCAGCAATGTGTTTAAAGACGTCTTTCTCACCAATGCCATGGACATGAAGACGCACGACTGT,0.04027386226339106,2
V5,AAGGCCAGCAATGTGTTTAAAGACGTCTTTCTCACCAAGGCCATGGACATGCAGACGCACGACTGT,0.060410793395086586,3
V5,AAGGCCAGCAATGTGTTTAAAGACGTCTTTCTCACCAATGCCATGGACATGCAGACGCANGACTGT,0.02013693113169553,1
V5,AAGGCCAGCAATGTGTTTAAAGACGTCTTTCTCACCAATGCCATGGACATGCAGACGCACGTCTGT,0.02013693113169553,1
V5,AAGGCCAGCATTGTGTTTAAAGACGTCTTTCTCACCAATGCCATGGACATGCAGACGCACGACTGT,0.02013693113169553,1
V5,AAGGCCAGCAATGTTTTTTAAGACGTCTTTCTCACCAATGCCATGGACATGCAGACGCACGACTGT,0.02013693113169553,1
V5,AAGGCCAGCCATGTATTCGAGGGAGTAGTTCTCACCACTGCCATGGACATGCAGACGCACGACTGT,0.02013693113169553,1
V5,AAGGCCAGCAATGTATTCGGGGTAGTATTTCTCAACATGGCCATGACCGCACACGACTGT,0.04027386226339106,2
V5,TAGGCCAGCATTGTGTTTAAAGACGTCTTTCTCACCAATGCCATGGACATGCAGACGCACGACTGT,0.02013693113169553,1
V5,AAGGCCAGCAATGTGTTTAAAGACGTCTTTCTCATCAATGCCATGGACATGCAGACGCACGACTGT,0.02013693113169553,1
V5,AAGGCCAGCAATGNGTTTAAAGACGTCTTTCTCACCAATGCCATGGACATGCAGACGCACGACTGT,0.02013693113169553,1
V5,AAGGCCAGCAATGTGTTTAAAGACGTCTTTCTCACNAATGCCATGGACATGCAGACGCACGACTGT,0.04027386226339106,2
V5,AAGGCCAGCAATNTGTTTAAATACGTCTTTCTCAGCAATGCCATGTACATGCAGACGCACGACTGT,0.02013693113169553,1
V5,AAGGCCAGCAATGTGTTTAAAGACGTCGTTCTCACCAATGCCATGGACATGCAGACGCACGACTGT,0.02013693113169553,1
V5,AAGGCCAGCAATGTTTTTAAAGACGTCTTTCTCACCAATGCCATGGACATGCAGACGCACGACTGT,0.060410793395086586,3
V5,AAGGCCAGCAATGTGTTTAAAGACGTCTTTCTCACCAATGCCATGGACATGCAGACGCACGNCTGT,0.02013693113169553,1
V5,AAGNCCAGCAATGTGTTTAAAGACGTCTTTCTCACCAATGCCATGGACATGCAGACGCACGACTGT,0.02013693113169553,1
V5,AAGGCAAGCAATGTTTTTAAAGACGTCTTTCTCACCAATGCCATGGACATGCAGACGCACGACTGT,0.02013693113169553,1
V5,AAGGCCAGCAATGTGTTTAAAGACGTCTTTCTCACCAATGCCATGGACATGCAGTCGCACGACTGT,0.02013693113169553,1
V5,AAGGCCAGCAATGTTTTCGGGGGAGTATTTCTCAACATGGCCATGACCGCACACGACTGT,0.02013693113169553,1
V5,AAGGCCAGCAATGTGTTTAAAGACGTCTTTCTCACCAATGCCATGGAAATGCAGACGCACGACTGT,0.02013693113169553,1
V5,AAGGCCAGCAATGTATTCGAGGGAGTATTTATCACCAATGCCATGGACATGCAGACGCACGACTGT,0.02013693113169553,1
V5,AAGGCCAGCAATGTATTCGGGGGTGTATTTCTCAACATGGCCATGACCGCACACGACTGT,0.02013693113169553,1
V5,AAGGCCAGCAATGTGTTTAAAGACGTCTTTCTCACCAATGCCNTGGACATGCAGACGCACGACTGT,0.02013693113169553,1
V5,AAGGCCAGCAATGTGTTTAAAGACGTCTTTCTCACCAATGCAATGGACATGCAGACGCACGACTGT,0.04027386226339106,2
V5,AAGGCCAGCAATGTGTTTAAAGACGTCTTTCTCACCAATGCCATNGACATGCAGACGCACGACTGT,0.02013693113169553,1
V5,AAGGCCAGCAATGTATTCGGGGGAGTATTTCTCAACATGGCCATGACCGCCCACGACTGT,0.02013693113169553,1
V5,AAGGCCAGCAATGTGTTTAAAGACGTCTTTCTCACCAATGCCAGGGACATGCAGACGCACGACTGT,0.02013693113169553,1
V5,AAGGCCGGCAATGTGTTTAAAGACGTCTTTCTCACCAATGCCATGGACATGCAGACGCACGACTGT,0.02013693113169553,1
V5,AAGGCCAGCAATGTATTCGAGGGAGTATTTCTCACCAATGCCATGGACATGAAGACGCACGACTGT,0.02013693113169553,1
V5,AAGGCCAGCAATGTATTGGGGGGAGTATTTCTCAACATGGCCATGACCGCACACGACTGT,0.02013693113169553,1
V5,AAGGCCAGCAATGTATTCGAGGGAGTATTTCTCACCAATGCCATGGACATGCAGACGCACGTCTGT,0.02013693113169553,1
V5,AAGGCCATCAATGTGTTTAAAGACGTCTTTCTCACCAATGCCATGGACATGCAGACGCACGACTGT,0.060410793395086586,3
V5,AAGGCCAGCAATGTATTCGAGGGAGTATTCCTCACCAATGCCATGGACATGCAGACGCACGACTGT,0.02013693113169553,1
V5,AAGGCCAGCAATCTGTTTAAAGACGTCTTTCTCACCAATGCCATGGACATGCAGACGCACGACTGT,0.02013693113169553,1
V5,ACGGCCAGCAATGTGTTTAAAGACGTCTTTCTCACCAATGCCATGGACATGCAGACGCACGACTGT,0.02013693113169553,1
V5,AAGGCCAGCAATGTGTTTAAAGACGTCTTTCTCACCAAAGCCATGGACATGCAGACGCACGACTGT,0.02013693113169553,1
V5,AATGCCAGCAATGTGTTTAAAGACGTCTTTCTCACCAATGCCATGGACATGCAGACGCACGACTGT,0.02013693113169553,1
V5,AAGGCCAGCAATGTATTCGGGGGAGTNTTTCTCAACATGGCCATGACCGCACACGACTGT,0.02013693113169553,1
V5,AAGGCCAGCAATGTGTTTAAAGACGTCTTTCTCACCAATGCCATGGACATGCAGACGGACGACTGT,0.02013693113169553,1
V5,AAGGCCAGCAATGTGTCTAAAGACGTCTTTCTCACCAATGCCATGGACATGCAGACGCACGACTGT,0.04027386226339106,2
V5,AAGGCCAGCAATGTATTCGAGGGAGTATTTCTCGCCAATGCCATGGACATGCAGACGCACGACTGT,0.02013693113169553,1
V5,AAGGCCAGCNATGTATTCGAGGGAGTATTTCTCACCAATGCCATGGACATGCAGACGCACGACTGT,0.02013693113169553,1
V5,AAGGCCAGCAATGTANTCGAGGGAGTATTTCTCACCAATGCCATGGACATGCAGACGCACGACTGT,0.02013693113169553,1
V5,AAGTCCAGCAATGTGTTTAAAGACGTCTTTCTCACCAATGCCATGGACATGCAGACGCACGACTGT,0.02013693113169553,1
V5,AAGGCCTGCAATGTATTCGAGGGAGTATTTCTCACCAATGCCATGGACATGCAGACGCACGACTGT,0.02013693113169553,1
V5,AAGGCCAGCAATGTATTCGAGGGATTATTTCTCACCAATGCCATGGACTTGCAGACGCACGACTGT,0.02013693113169553,1
V5,AAGGCCAGCAATGTGTTTAAAGACGTCTTTCTCACCAATGCCTTGGACATGCAGACGCACGACTGT,0.02013693113169553,1
V5,TTGGCCATCAATGTGTTTAAAGACGTCTTTCTCACCCATGCCATGGACATGCAGACGCACGAGAGT,0.02013693113169553,1
V5,AAGGCCAGCAATGTGTGTAAAGACGTCTTTCTCACCAATGCCATGGACATGCAGACGCACGACTGT,0.04027386226339106,2
V5,AAGGCCAGCAATGTGTTTAAATACGTCTTTCTCACCAATGCCATGGACATGCAGACGCACGACTGT,0.04027386226339106,2
V5,AAGGCCAGCAATGTATTCGAGGGAGTATTTCTCACCAACGCCATGGACATGCAGACGCACGACTGT,0.02013693113169553,1
V5,AAGGCCAGCAATGTGTTTAAAGACGTCTTTCTAACCAATGCCATGGACATGCAGACGCACGTCTGT,0.02013693113169553,1
V5,AAGGCCAGCAATGTGTTTAAAGACGTCTTTCTCACCAATGCCATGGACATGCAGACGCACGACTTT,0.02013693113169553,1
V5,AAGGCCAGCAATGTGTTTAAAGACGTCTTTCTCAACAATGCCATGGACATGCAGACGCACGACTGT,0.02013693113169553,1
V5,AAGGCCAGCAATGTGTTTAAAGACGTCTTTCTCACCAAATCCATGGACATGCAGACGCACGACTGT,0.02013693113169553,1
V5,AAGGCCAGCAATGTGTTTAAAGACGTCTTTCTCACCANTGCCATGGACATGCAGACGCACGACTGT,0.04027386226339106,2
V5,AAGGCCAGCAATGTGTTTAAAGACGTCTTTCTCACCAATGCCATGGACATGCTGACGCACTACTGT,0.02013693113169553,1
V5,AAGGCCAGCATTGTGTTTACAGACGTCTTTCTCACCAATGCCATGGACATGCAGACGCACGACTGT,0.02013693113169553,1
V5,AAGGCCAGCAATGTGTTTAAAGACGTCTTTCTCACCAATGCCATGGACATTCAGACGCACGACTGT,0.02013693113169553,1
V5,AAGGCCAGCAATGTATTCGAGGGAGTATTTCTCACCAATTCCATGGACATGCAGACGCACGACTGT,0.10068465565847766,5
V5,AAGGCCAGCAATGTATTCGAGGGAGTATTTCTCACCAATGCAATGGACATGCAGACGCACGACTGT,0.02013693113169553,1
V5,AAGGCCAGCAATGTGTTTAAAGATGTCTTTCTCACCAATGCCATGGACATGCAGACGCACGACTGT,0.02013693113169553,1
V5,AAGGCCAGCAATGTATTCGGGGGAGTATTTCTCAACAGGGCCATGACCGCACACGACTGT,0.04027386226339106,2
V5,AAGGCCAGCAATGTATTCGAGGGAGTATNNCTCACCAATGCCATGGACATGCAGACGCACGACTGT,0.02013693113169553,1
V5,AAGGCCAGCAATGTATTCGAGGTAGTATTTCTCACCAATGCCATGGACATGCAGACGCACGACTGT,0.02013693113169553,1
V5,AAGGCCAGCAATGTGTTTAAAGACGTCTGTCTCACCAATGCCATGGACATGCAGACGCACGACTGT,0.02013693113169553,1
V5,ATGGCCAGCAATGTATTCGGGGGAGTTTTTCTCAACATGGCCATGACCGCACACGACTGT,0.02013693113169553,1
V5,AAGGCCAGCAATGTGTTTAAAGACGTCTTTCTCACCAATGCCATGGACANGCAGACGCACGACTGT,0.02013693113169553,1
V5,AAGGCCAGCAATGTATTCGAGGGAGTATTTCTCACAAATGCCATGGACATGCAGACGCACGACTGT,0.02013693113169553,1
V5,AAGGCCAGCAATGTATTCGAGGGAGTATTTCTCACCAATGCCATGGACATGCAGACGCACGANTGT,0.02013693113169553,1
V5,AAGGCCAGCAATGTGTTTAATGACGTCTTTCTCACCAATGCCATGGACATGCAGACGCACGACTGT,0.02013693113169553,1
V5,AAGGCCAGCAATGTATTCGGGGGAGTATTTCTCAACATGGCCATGCCCGCACACGACTGT,0.02013693113169553,1
V5,AAGGCAAGCAATGTGTTTAAAGACGTCTTTCTCACCAATGCCATGGACATGCAGACGCACGACTGT,0.060410793395086586,3
V5,AAGGCCAGCATTTTATTCGAGGGAGTATTTCTCACCAATGCCATGGACATGCAGACGCACGACTGT,0.02013693113169553,1
V5,AAGGCCAGCAATGTCTTCGGGGGAGTATTTCTCAACATGGCCATGACCGCACACGACTGT,0.02013693113169553,1
V5,AAGGCCAGCAATGTGTTTAAAGACGTCTTTCTCACCAATGCCATGGACATNCAGACGCACGACTGT,0.02013693113169553,1
V5,AAGGCCAGCAATGTATTCGGGGGAGTATTTCTCAACATGGCCATGACCGCACACAACTGT,0.02013693113169553,1
V5,AAGGCCAGCAATGTATTCGAGGGAGTATTTCTCACCAATGCCATGGACATGCAGACTCACGACTGT,0.02013693113169553,1
V5,AAGGCCAGCAATGTATTCGAGGGATTATTTCTCACCAATGCCATGGACATGCAGACGCACGACTGT,0.02013693113169553,1
V5,AAGGCCAGCAATGTATTCGGGGGAGTATTTCTCAACGTGGCCATGACCGCACACGACTGT,0.02013693113169553,1
V5,AAGGCCAGCAATGTGTTAAAAGACGTCTTTCTCACCAATGCCATGGACATGCAGACGCACGACTGT,0.02013693113169553,1
V5,AAGGCAAGAAATGTGTTTAAATACGTCTTTCTCACCAATGCCATGGACATGCAGACGCACGACTGT,0.02013693113169553,1
V5,AAGGCCAGCAATGTATTCGAGGGAGTATTTCTCACCAATGCCATGGACATGCAGAAGCTCGACTGT,0.02013693113169553,1
V5,AAGGCCAGCAATGTGTTTAAAGACGTCTTTCTCACCAATGCNATGGACATGCAGACGCACGACTGT,0.02013693113169553,1
V5,AAGGCCAGCAATGTGTTTAAAGACGTCTTTCTCACCAATTCCATGGACATGCAGACGCACGACTGT,0.02013693113169553,1
V5,AAGGCCAGCAATGTGTTTAAAGCCGTCTGTCTCACCAATGCCATGGACATGCAGACGCACGACTGT,0.02013693113169553,1
V5,AAGGCCAGCAATGTATTCGAGGGAGTATTTCTCACCAATGCCATGGACATGCAGACGCACGACTGC,0.02013693113169553,1
V5,AAGGCCAGCAATGTATTCGAGGGAGTATTTCTAACCAATGCCATGGACATGCAGACGCACGACTGT,0.02013693113169553,1
V5,AAGGCCAGCAATGTGTTTAAAGACGTCTTTCTCACCAATGCCATGGACATGCAGACGAACGACTGT,0.060410793395086586,3
V5,AAGGCCAGCAATGTATTCGGGGGAGTATTTCTCAACATGGCCATGACCGAACACGACTGT,0.02013693113169553,1
V5,AAGGCCAGCAAAGTGTTTAAAGACGTCTTTCTCACCAATGCCATGGACATGCAGACGCACGACTGT,0.02013693113169553,1
V5,AAGGCCAGCGATGTATTCGAGGGAGTATTTCTCACCAATGCCATGGACATGCAGACGCACGACTGT,0.02013693113169553,1
V5,AAGGCCAGCAATGTGTTTCAAGACGTCTTTCTCACCAATGCCATGGACATGCAGACGCACGACTGT,0.02013693113169553,1
V5,AAGGCCAGCAATGTGTTTAAAGACGTCTTTCTCACCAATGCCATGGACATGCAGACGCACGACGGT,0.02013693113169553,1
V5,AAGGCCAGAAATGTGTTTATAGACGTCTTACTCACCAATGCCATGGACATGCAGACGCACGACTGT,0.02013693113169553,1
V5,AAGGCCAGCAATGTATTCGAGGGAGTATTTCTCACCAATGCCATGGACATTCAGACGCACGACTGT,0.02013693113169553,1
V5,AAGGCCAGCAATGTATTCGAGGGAGTATTTCTCACCAATGNCATGGACATGCAGACGCACGACTGT,0.02013693113169553,1
V5,AAGACCAGCAATGTGTTTAAAGACGTCTTTCTCACCAATGCCATGGACATGCAGACGCACGACTGT,0.02013693113169553,1
V5,AAGGCCAGCAATGTATTCGAGTGAGTATTTCTCACCAATGCCATGGACATGCAGACGCACGACTGT,0.02013693113169553,1
V5,AAGGCCAGCAATGTGTTTAAAGACGTCTTTCTCACCAATGCCATGGACATGCAGACGCACGAATGT,0.02013693113169553,1
V5,AAGGCCAGCAATGTGTTTAAAGACGTCTTTCTCACCAATGCCATTGACATGCAGACGCACGACTGT,0.02013693113169553,1
V5,AAGGCCAGCAATGTGTTTAAAGACGTCTTTCTCACCAATGCCATGGACATGCAGACGCACGACNGT,0.02013693113169553,1
V5,TAGGCCAGCAATGTGTTTAAAGACGTCTTTCTCACCAATGCCATGGACATGCAGACGCACGACTGT,0.02013693113169553,1
V5,AAGTCCAGCAATGTGTTTAAAGACGTCTTTCTCACCAATGCCATGGAAATGCAGACGCACGACTGT,0.02013693113169553,1
V5,AAGGCCAGCAATGTATTCGGGGGAGTATTTCTCAACATGGCCAGGACCGCACACGACTGT,0.02013693113169553,1
V5,AAGGCCAGCAATGTGTTTAAAGACGTCTTTCTCACCAATGCCATGGACATGCAGACGCACGACCGT,0.02013693113169553,1
V5,AAGGACAGCAATGTGTTTAAAGACGTCTTTCTCACCAATGCCATGGACATGCAGACGCACGACTGT,0.02013693113169553,1
V5,AAGGCCAGCACTGTATTCGGGGGAGTATTTCTCAACATGGCCATGACCGCACACGACTGT,0.02013693113169553,1
V5,AAGGCCAGCAATGTGTTTAAAGACGTCTTTCTCACCAATGCCATGGACATGCAGACGCAAGACTGT,0.02013693113169553,1
V5,AAGGCCAGCAATGTGTTTAAAGACTTCTTTCTCACCAATGCCATGGACATGCAGACGCACGACTGT,0.02013693113169553,1
V5,AAGGCCAGCAATGTATTCGAGGGAGTATTTCTCACCAATGCCATGGACATGCTGACGCACGACTGT,0.02013693113169553,1
V5,AAGGCCAGCAATGTGTTTAAAGACGTCTTTCNCACCAATGCCATGGACATGCAGACGCACGACTGT,0.02013693113169553,1
V5,AAGGCCAGCAATGTGTTTAGAGACGTCTTTCTCACCAATGCCATGGACATGCAGACGCACGACTGT,0.02013693113169553,1
V5,AAGGCCAGCAATGTGTTTAAAGACGTCTCTCTCACCAATGCCATGGACATGCAGACGCACGACTGT,0.02013693113169553,1
V5,AAGGCCAGCAATGTGTTTTAAGACGTCTTTCTCACCAATGCCATGGACATGCAGACGCACGACTGT,0.02013693113169553,1
V6,CCCGTCCATTGGAAAGCCCTACCCGCAGCCGCAGCCCCAGCCGACATCCAC,64.3979057591623,5166
V6,CCCGTCCATTGGAAAGCCCTGGCCCCAGCCCCAGCCGACATCCAC,25.38020443779606,2036
V6,CCCGTACATTGGAAAGCCCTACCCGCAGCCGCAGCCCCAGCCGACATCCAC,0.012465719272001996,1
V6,CCCGTCCATTGGAAAGCCCCAGCCCAACCCCCAGCCAACATCCAC,3.590127150336574,288
V6,CCCGTCCATTGGAAAGCCCTGGCCCGAGCCGGACCCCACGCCCAACTCCCAGCCCGAGTTGACATCCAC,3.527798553976565,283
V6,CCCGTCCATTGGAAAGCCCTNCCCGCAGCCGCAGCCCCAGCCGACATCCAC,0.012465719272001996,1
V6,CCCGTCCATTGGAAAGCCCTNGCCCCAGCCCCAGCCGACATCCAC,0.012465719272001996,1
V6,CCCGTCCATTGGAAAGCCCTGGCCCAAGCCCCAGCCGACATCCAC,0.012465719272001996,1
V6,CCCGTCCATTGGAAAGCCCTACCCGTAGCCGCAGCCCCAGCCGACATCCAC,0.012465719272001996,1
V6,CCCGTCCATTGGAAATCCCTACCCGCAGCCGCAGCCCCAGCCGACATCCAC,0.02493143854400399,2
V6,CCCGTCCATTGGAAAGCCCTACCCGCAGCCGCAGCCCCAGCCGACTTCCAC,0.012465719272001996,1
V6,CCCGTCCATTGGAAAGCCCTACCCGCAGCCGCAGCCACAGCCGACATCCAC,0.012465719272001996,1
V6,CCCGTCCATTGGANAGCCCTGGCCCCAGCCCCAGCCGACATCCAC,0.012465719272001996,1
V6,CCCGTCCATTGGAAAGCCCTACCCGCAGCCGCGGCCCCAGCCGACATCCAC,0.062328596360009966,5
V6,CCCGTCCCTTGGAAAGCCCTACCCGCAGCCGCAGCCCCAGCCGACATCCAC,0.037397157816005985,3
V6,CCCGTCCATTGGAAAGCCCTACCCGCAGCCGCAGCCCCAGCCTACATCCAC,0.04986287708800798,4
V6,CCCGTCCATTGTAAAGCCCTGGCCCCAGCCCCAGCCGACATCCAC,0.012465719272001996,1
V6,CCCGTCCATTGGAAAGCCCTTGCCCCAGCCCCAGCCGACATCCAC,0.012465719272001996,1
V6,CCCGTCCATTGGAAAGCCCTACCCGCAGCCGCAGACCCAGCCGACATCCAC,0.04986287708800798,4
V6,CCCGTCCATTGGAAAGCCCTGGCCCGAGCCGGACCCCACGCCCAACTACCAGCCCGAGTTGACATCCAC,0.012465719272001996,1
V6,CCCGTCCATTGGACAGCCCTGGCCCGAGCCGGACCCCACGCCCAACTCCCAGCCCGAGTTGACATCCAC,0.012465719272001996,1
V6,CCCGTCCATTGGAAAGCCCTGGCCCGAGCCGGAACCCACGCCCAACTCCCAGCCCGAGTTGACATCCAC,0.012465719272001996,1
V6,CCCGTCCATTGGAAAGCCCTACCCGCAGCCGTAGCCCCAGCCGACATCCAC,0.012465719272001996,1
V6,CCCGTCCATTGGAAAGCCCTGGCCCGAGCCGGACCCNACGCCCAACTCCCAGCCCGAGTTGACATCCAC,0.012465719272001996,1
V6,CCCTTCCATTGGAAAGCCCTGGCCCCAGCCCCAGCCGACATCCAC,0.012465719272001996,1
V6,CCCGTCCATTGGAAAGCCCTACCCGCAGCCGCAGCCCCAGACGACATCCAC,0.037397157816005985,3
V6,CCCGTCCATTGGAAAGCCCTTGCCCGAGCCGGACCCCACGCCCAACTCCCAGCCCGAGTTGACATCCAC,0.012465719272001996,1
V6,CCCGTCCATTGGAAAGCCCTACCCGCAGCCGCAGCCCCAGCCGACGTCCAC,0.012465719272001996,1
V6,CCCGTCCATTGGAAAGCCCTACCCGCAGCCGAAGACCCAGCCGACATCCAC,0.012465719272001996,1
V6,AACGTCCATTGGAAAGCCCTGGCCCCCGCCCCAGCCGACATCCAC,0.012465719272001996,1
V6,CCCGTCCATTGGAAAGCCCTACCCGCAGCCGCAGCCCCAGCCGAAATCCAC,0.037397157816005985,3
V6,CCCTTCCATTGGAAAGCCCTACCCGCAGCCGCAGCCCCAGCCGACATCCAC,0.012465719272001996,1
V6,ACCGTCCATTGGAAAGCCCTGGCCCCAGCCCCAGCCGACATCCAC,0.012465719272001996,1
V6,CCCGTCCANTGGAAAGCCCTGGCCCCAGCCCCAGCCGACATCCAC,0.012465719272001996,1
V6,CCTGTCCATTGGAAAGCCCTGGCCCGAGCCGTACCCCCAGCCAACATCCAC,0.11219147344801794,9
V6,CCCGTCCATTGGANAGCCCTACCCGCAGCCGCAGCCCCAGCCGACATCCAC,0.02493143854400399,2
V6,CCCGTCCATTGGAAAGCCCNACCCGCAGCCGCAGCCCCAGCCGACATCCAC,0.02493143854400399,2
V6,CCCGCCCATTGGAAAGCCCTGGCCCCAGCCCCAGCCGACATCCAC,0.012465719272001996,1
V6,CCCGTCCATTGGAAAGCCCTACCCGCAGCCGCAGCCCNAGCCGACATCCAC,0.012465719272001996,1
V6,CCCGTCCATTGGAAAGTCCTACCCGCAGCCGCAGCCCCAGCCGACATCCAC,0.012465719272001996,1
V6,CCCGTCCATTGGAAAGCCCTACCCGCAGCCGCAGCCCCAGCCGACATCCTC,0.02493143854400399,2
V6,CCCGTCCATTGGAAGGCCCTACCCGCAGCCGCAGCCCCAGCCGACATCCAC,0.02493143854400399,2
V6,CCCGTCCATTGGAANGCCCTACCCGCAGCCGCAGCCCCAGCCGACATCCAC,0.012465719272001996,1
V6,CCCGTCCATTGGAAAGCCCTATCCGCAGCCGCAGCCCCAGCCGACATCCAC,0.02493143854400399,2
V6,CCCGTCCATTGGAAAGCCCTACCCGCAGCCGCTGCCCCAGCCGACATCCAC,0.012465719272001996,1
V6,CCCGTCCAGTGGAAAGCCCTACCCGCAGCCGCAGCCCCAGCCGACATCCAC,0.04986287708800798,4
V6,CCCGTCCATTGGAAATCCCTGGCCCGAGCCGGACCCCACGCCCAACTCCCAGCCCGAGTTGACATCCAC,0.012465719272001996,1
V6,CCCGTCCATTGGAAAGCCCTACNCGCAGCCGCAGCCCCAGCCGACATCCAC,0.012465719272001996,1
V6,CCCGTCCATTGGAAAGCCCTACCCGCAGCCGCAGCACCAGCCGACATCCAC,0.02493143854400399,2
V6,CCCGTCCATTGGAAAGCCCTACCAGCAGCCGCAGCCCCAGCCGACATCCAC,0.037397157816005985,3
V6,CCCGTCCATTGGAAAGCCCTGGCCCCAGCCCAAGCCGACATCCAC,0.02493143854400399,2
V6,CTCGTCCATTGGAAAGCCCTACCCGCAGCCGCAGCCCCAGCCGACATCCAC,0.037397157816005985,3
V6,CCCGTCCATTGGAAAGCCCTGGCCCGAGCCGGACCCCACGCACAACTCCCAGCCCGAGTTGACATCCAC,0.02493143854400399,2
V6,CCCGTCCATTNGTAAGCCCTACCCGCAGCCGCAGCCCCAGCCGACATCCAC,0.012465719272001996,1
V6,CCCGTCCATTGGAAAGCCCTACCCGCAGCCGCAGCCCCAGCCNACATCCAC,0.012465719272001996,1
V6,CCCGTCCATTGGAAAGCCCTACCCGCAGCCGNAGCCCCAGCCGACATCCAC,0.012465719272001996,1
V6,CCCGTCCATTGGAAAGCCCTACCCGCAGCCGAAGCCCCAGCCGACATCCAC,0.037397157816005985,3
V6,CCCGTCCATTGGAAAGCCCTGGCCCGAGCCGGACCCCACGCCCAACTCCCAGACCGAGTTGACATCCAC,0.012465719272001996,1
V6,CCCGTCCATTGGAAAGCCCTACCCGCAGCCGCATCCCCAGCCGACATCCAC,0.037397157816005985,3
V6,CCCGTCCATTGGAAAGCCCTACCCACAGCCGCAGCCCCAGCCGACATCCAC,0.012465719272001996,1
V6,CCCGTCCATTGGAAAGCCCTGGCCCGAGTCGGACCCCACGCCCAACTCCCAGCCCGAGTTGACATCCAC,0.012465719272001996,1
V6,CCCGTCTATTACTTCGCAGCCCGAGCCCAACTCCCAGCCGACATCCAC,0.012465719272001996,1
V6,CCCGTCCATTGGAAAGCCCGACCCGCAGCCGCAGCCCCAGCCGACATCCAC,0.062328596360009966,5
V6,CCCGTCCATTGGAAAGCCCTGGCCCCAGCCCCAGCCGACATTCAC,0.012465719272001996,1
V6,CCCGTCCATTGGAAAGCCCTGGCCCGAGCCGGACCCCACGCCCAACTCCAAGCCCGAGTTGACATCCAC,0.012465719272001996,1
V6,CCCGTCCATTGGACAGCCCTACCCGCAGCCGCAGCCCCAGCCGACATCCAC,0.012465719272001996,1
V6,CCCGTCCATTGGAAAGCCCTACCCGCAACCGCAGCCCCAGCCGACATCCAC,0.012465719272001996,1
V6,CCCGTCCATTGGAAAGCCCTGGCCCCAGCCCCAGCCGACATCCAN,0.012465719272001996,1
V6,CCCGTCCATTGGAAAGCCCTGGCCCCAGCCCCAGCCGACTTCCAC,0.012465719272001996,1
V6,CCCGTCCATTGGAAAGCCCTACCCGCAGCCGCAGCCCCAGCCGACATACAC,0.02493143854400399,2
V6,CCCGTCCATTGCAAAGCCCTACCCGCAGCCGCAGCCCCAGCCGACATCCAC,0.012465719272001996,1
V6,CCCGTCCATTGGAAAGCCCTGGCCCGAGCCGGACCCCACGCCCAACGCCCAGCCCGAGTTGACATCCAC,0.012465719272001996,1
V6,CCCGTCCATTGGAAAGCCCTACCCGAAGCCGCAGCCCCAGCCGACATCCAC,0.04986287708800798,4
V6,CCCGTCCATTGGAAAGACCTACCCGCAGCCGCAGCCCCAGCCGACATCCAC,0.037397157816005985,3
V6,CNCGTCCATTGGAAAGCNCTACCCGCAGCCGCAGCCCCAGCCGACATCCAC,0.012465719272001996,1
V6,CCCGTCCATTGGAAAGCCCTGGCCCGAGCCGGACCCCACGCCCAACTCCCAGCCCGAGTTGACATCCCC,0.012465719272001996,1
V6,CCCGTCCACTGGAAAGCCCTACCCGCAGCCGCAGCCCCAGCCGACATCCAC,0.012465719272001996,1
V6,CCCGTCCATTGGAAAGCCCGACCCGCAGCCTCAGCACCAGCCGACATCCAC,0.012465719272001996,1
V6,CCCGTCCATTGGAAAGCCCTACCCGCCGCCGCAGCCCCAGCCGACATCCAC,0.02493143854400399,2
V6,CCCGTCCATAGGAAAGCCCTACCCGCAGCCGCAGCCCCAGCCGACATCCNC,0.012465719272001996,1
V6,CACGTCCATTGGAAAGCCCTACCCGCAGCCGCAGCCCCAGCCGACATCCAC,0.04986287708800798,4
V6,CCCGTCCATTGGAAAGCCCTGGCCCGAGCCGTACCCCACGCCCAACTCCCAGCCCGAGTTGACATCCAC,0.02493143854400399,2
V6,CCCGTCCATTGGAAAGCCCTGGCCCCAGCCCCAGGCGACATCCAC,0.012465719272001996,1
V6,CCCGTCCATTGGAAAGCCCTACCCGCAGCCGCAGCCTCAGCCGACATCCAC,0.012465719272001996,1
V6,CCCGTCCATTGGAAAGCCCTACCCGCAGCCGCAGCCCCATCCGACATCCAC,0.012465719272001996,1
V6,CCCGTCCATTGGAAAGCCCTGGCCCCAGCCCCAGCCGACGTCCAC,0.02493143854400399,2
V6,CCCGTCCATTGTAAAGCCCTACCCGCAGCCGCAGCCCCAGCCGACATCCAC,0.012465719272001996,1
V6,CCCGTCCATTGGAAAGCCATGGCCCCAGCCCCAGCCGACATCCAC,0.037397157816005985,3
V6,CCCGTCCATTGGAAAGCCCTACCCGCAGCCTCAGCCCCAGCCGACATCCAC,0.04986287708800798,4
V6,CCCGTCCATTGGAAAGCCCTACCCGCAGCCGCAGCCCCAGTCGACATCCAC,0.012465719272001996,1
V6,CCCGTCCATTGGAAAGCCCTGGCCCCAGCCCCAGCCGACATCAAC,0.02493143854400399,2
V6,CCCGTCCATTGGAAAGCCCTGGCCCCAGCCCCAACCGACATCCAC,0.012465719272001996,1
V6,CCCGTCCATTGGAAAGCCCTACCCGCAGCCGCAGCCCCAGCCGACATTCAC,0.012465719272001996,1
V6,CCCGTCCATTGGAAAGCCCCACCCGCAGCCGCAGCCCCAGCCGACATCCAC,0.012465719272001996,1
V6,CCCGCCCATTGGAAAGCCCTACCCGCAGCCGCAGCCCCAGCCGACATCCAC,0.012465719272001996,1
V6,CCTGTCCATTGGAAAGCCCTGGCCCGAGCCGTACCCCCAGCCAACATCAAC,0.012465719272001996,1
V6,CCCGTCCATTGGAAAGACCCAGCCCAACCCCCAGCCAACATCCAC,0.012465719272001996,1
V6,CCCGTCCATTGGACAGCCCCAGCCCAACCCCCAGCCAACATCCAC,0.012465719272001996,1
V6,CCCGTCCATTTGAAAGCCCTACCCGCAGCCGCAGCCCCAGCCGACATCCAC,0.012465719272001996,1
V6,CCCGTNCATTGGAAAGCCCTACCCGCAGCCGCAGCCCCAGCCGACATCCAC,0.012465719272001996,1
V6,CCCGTCCATTGGAAAGCCCTACCCGCAGCCGCAGCCCCAGCCGACCTCCAC,0.037397157816005985,3
V6,CCCGTCCATTGGAAAGCCCTACCCGCAGCCGCAGCCCAAGCCGACATCCAC,0.037397157816005985,3
V6,CCCGTCCATTGGAAAGCCCTACCCGCAGCCGCAGCCCCAGCCGAGATCCAC,0.012465719272001996,1
V6,CCCGTCCATTGGAAAGCCCTGGCCCGAGCCGGACCCAACGCCCAACTCGCTGCACGAGTTGACATCGAC,0.012465719272001996,1
V6,CCCGTCCATTGGAAAGCCCTACCCGCAGCCGCAGCCCTAGCCGACATCCAC,0.012465719272001996,1
V6,ACCGTCCATTGGAAAGCCCAACCCGCAGCCGAAGCCCCAGCCGACATCCAC,0.012465719272001996,1
V6,CCCGTCCATTGGAAAGNCCTACCCGCAGCCGGATCCCCAGCCGACATCCAC,0.012465719272001996,1
V6,CCCGTACATTGGAAAGCCCTGGCCCCAGCCCCAGCCGACATCCAC,0.037397157816005985,3
V6,CCCGTCCAATGGAAAGCCCTACCCGCAGCCGCAGCCCCAGCCGACATCCAC,0.02493143854400399,2
V6,CCCGTCCATTGGAAAGCCCTACCCGCAGCCGCCGCCCCAGCCGACATCCAC,0.02493143854400399,2
V6,ACCGTCCATTGGAAAGCCCTACCCGCAGCCGCAGCCCCAGCCGACATCCAC,0.012465719272001996,1
V6,CCCGTCCATTGGAAAGCCCTGGCCCGAGCCGGACCCCACGCCCGACTCCCAGCCCGAGTTGACATCCAC,0.012465719272001996,1
V6,CCCGTCCATTGAAAAGCCCTGGCCCGAGCCGGACCCCACGCCCAACTCCCAGCCCGAGTTGACATCCAC,0.012465719272001996,1
V6,CCAGTCCATTGGAAAGCCATACCCGCAGCCGCAGCCCCAGCCGACATCCAC,0.012465719272001996,1
V6,CCCGTCCATTGGACAGCCCTGGCCCCAGCCCCAGCCGACATCCAC,0.02493143854400399,2
V6,CCCGTCCATTGNAAAGCCCTACCCGCAGCCGCAGCCCCAGCCGACATCCAC,0.012465719272001996,1
V6,CCCGTCCATCGGAAAGCCCTGGCCCCAGCCCCAGCCGACATCCAC,0.012465719272001996,1
V6,CCCGTCCATTGGAAAGCCCTACCNGCAGCCGCAGCCCCAGCCGACATCCAC,0.012465719272001996,1
V6,CCCATCCATTGGAAAGCCCTGGCCCGAGCCGGACCCCACGCCCAACTCCCAGCCCGAGTTGACATCCAC,0.012465719272001996,1
V6,CCCGTCCATTGGAAAGCCATACCCGCAGCCGCAGCCCCAGCCGACATCCAC,0.02493143854400399,2
V6,CCCGTCCATTGGAAAGCCCTACCCGCTGGCGCAGCCCCAGCCGACATCCAC,0.012465719272001996,1
V6,CCCGTCCATTGGAAAGCCCTGGCCCCAGCCCCAGACGACATCCAC,0.012465719272001996,1
V6,CCCGTCCATTGGAAAGCCCTGGCCCCAGCCCCAGCCGAAATCCAC,0.012465719272001996,1
V6,CCCGTTCATTGGAAAGCCCTACCCGCAGCCGCAGCCCCAGCCGACATCCAC,0.012465719272001996,1
V6,CCCGTCCATTGGAAAGNCCTGGCCCCAGCCCCAGCCGACATCCAC,0.012465719272001996,1
V6,CCAGTCCATTGGAAAGCCCTACCCGCAGCCGCAGCCCCAGCCGACATCCAC,0.012465719272001996,1
V6,CCCGGCCATGGGAAAGCCCTACCCGCAGCCGCAGCCCCAGCCGACATCCAC,0.012465719272001996,1
V6,CCCGTCCATTGGAAAGCCCTACCCGCAGCCGCAGCGCCAGCCGACATCCAC,0.012465719272001996,1
V6,CCCGTCCATTGGAAAGCCCTGGCCCCAGCCCCAGCCGACATCCTC,0.012465719272001996,1
V6,CCCGTCCATTGGAAAGCCCTACCCGCAGCCGCAGCCCCTGCCGACATCCAC,0.012465719272001996,1
V6,CCCGTCCATTGGAAAGCCCTACCCGCAGCCGCAGCCCCAGCCGACATCTAC,0.012465719272001996,1
V6,CCCGTCCATTGGAAAGCCCTACCCGCAGCCGCAGCCCCCGCCGACATCCAC,0.012465719272001996,1
V6,CCTGTCCATTGGAAAGCCCTGGCCCGAGCCGTACCCACAGCCAACATCCAC,0.012465719272001996,1
V6,CCCGTCCATTGGAAAGCCCTACCCGCAGCCGCAGCCCCAGCTGACATCCAC,0.037397157816005985,3
V6,CCCGTCCATTGGAAAGCCCTGGCCCCAGCCCCAGCCGGCATCCAC,0.012465719272001996,1
V6,CCCGTCCATTGGAAAGCCCTAGCCCCAGCCCCAGCCGACATCCAC,0.012465719272001996,1
V6,CCCGTCCATTGGAAAGCCCTACCCGCAGCCGCAGCCCCGGCCGACATCCAC,0.02493143854400399,2
V6,CCCGTCCATTGGAAAGCCCTACCCGCAGCCGCAGCCCCAGCAGACATCCAC,0.012465719272001996,1
V6,CCCGTCCATTGGAAAGCCCTGGCCCCAGCCCCAGCNGACATCCAC,0.012465719272001996,1
V6,CCCGTCCATTGGAAAGCCCTGGCCCCAGCCCCAGCCGACATCCA,0.012465719272001996,1
V6,CCCGTCCGTTGGAAAGCCCCAGCCCAACCCCCAGCCAACATCCAC,0.012465719272001996,1
V6,CCCGTCCATTGGAAAGCCCTGGCCCCAGCCCCAGNCGACATCCAC,0.012465719272001996,1
V6,CCCGTCCATTGGAAAGCCCTGGCCCCATCCCCAGCCGACATCCAC,0.012465719272001996,1
V6,CCCGTCCATTGGAAAGCCCAACCCGCAGCCGCAGCCCCAGCCGACATCCAC,0.012465719272001996,1
V6,CCCGTCCATTGGAAAGCTCTACCCGCAGCCGCAGCCCCAGCCGACATCCAC,0.02493143854400399,2
V6,CCCGTCCATTGGATAGCCCTACCCGCAGCCGCAGCCCCAGCCGACATCCAC,0.012465719272001996,1
V6,CCCGTCCATTGGAAAGCCCTACCCGCAGCCGCAGCCCCAGNCGACATCCAC,0.012465719272001996,1
V6,CCCGTCCATTGGAACGCCCTACCCGCAGCCGCAGCCCCAGCCGACATCCAC,0.012465719272001996,1
V6,CCCGTCCATTGGAAAGCCCTACCCGCGGCCGCAGCCCCAGCCGACATCCAC,0.012465719272001996,1
V6,CCCGTCCATTGGAAAGCCCTACCCGCAGCCACAGCCCCAGCCGACATCCAC,0.012465719272001996,1
V6,CCCGTCCATTGGAAAGACCTGGCCCCAGCCCCAGCCGACATCCAC,0.012465719272001996,1
V6,CCCGTCCATTGGAAAGCCCTACCCGCAGCCGCAGCCCCAGCCGACATCAAC,0.012465719272001996,1
V6,CCCGTCCATTGGAAAGCCCTACCCGCAGCCGCAGCCCCAGCCGATATCCAC,0.02493143854400399,2
V6,CCCGTCCATTGGAAAGCCCTACCCGCAGCCGCAGCCCCAGCCGANATCCAC,0.012465719272001996,1
V6,CCCGTCCATTGGACAGCCCTACCCGCATCCGCAGCCCCAGCCGACATCCAC,0.012465719272001996,1
V6,CCCGGCCATTGGAAAGCCCNACCCGCAGCCGCAGCCCCAGCCGACATCCAC,0.012465719272001996,1
V6,TCCGTCCATTGGAAAGCCCTACCCGCAGCCGCAGCCCCAGCCGACATCCAC,0.012465719272001996,1
V6,CCCGTCAATTGGAAAGCCCTACCCGCAGCCGCAGCCCCAGCCGACATCCAC,0.012465719272001996,1
V6,CCCGTCCATTGGAAAGCCGTACCCGCAGCCGCAGCCCCAGCCGACATCCAC,0.012465719272001996,1
V6,CCCGTCCATTGGAAAGCCCTGGCCCCAGCCCCAGCCTACATCCAC,0.012465719272001996,1
V6,CCCGTCCATTGGAAAGCCCTACCCGCAGCAGCAGCCCCAGCCGACATCCAC,0.012465719272001996,1
V6,CCCGTCCATTGGAAAACCCTGGCCCCAGCCCCAGCCGACATCCAC,0.012465719272001996,1
V6,CCCGTCCATTGGAAAGCCCTACCCGCAGTCGCAGCCCCAGCCGACATCCAC,0.012465719272001996,1
V6,CCCGTCCATGGGAAAGCCCTACCCGCAGCCGCAGCCCCAGCCGACATCCAC,0.012465719272001996,1
V6,CCCGTCCATTGGAAAGCACTGGCCCCAGCCCCAGCCGACATCCAC,0.012465719272001996,1
V6,CCCGTCCAGTGGAAAGCCCTACCCGCACCCGCAGCCCCAGCCGACATCCAC,0.012465719272001996,1
V6,CCCGTCCATTGGAAAGCCCTGGCCNGAGCCGGACCCCACGCCCAACTCCCAGCCCGAGTTGACATCCAC,0.012465719272001996,1
V6,CCCGTCCATTGGAAAGCCCTAACCGCAGCCGCAGCCCCAGCCGACATCCAC,0.02493143854400399,2
V6,CCCGTCCATTGGAAAGCCCTACCCGCAGCCGCAGCCCCAGCCGACATCCAA,0.012465719272001996,1
V6,CCCGGCCATTGGAAAGCCCTGGCCCCAGCCCCAGCCGACAGCCAC,0.012465719272001996,1
V6,CCCGTCCATTGGAAAGCCCTGGCCCCAGCCCCATCCGACATCCAC,0.012465719272001996,1
V7,TACGGCGGTACGAACAAGAAAAACGATGCTGCTCTTACGAAGTGGAAGGCAGAATATTGTGGGTATTAC,22.884386174016687,1728
V7,TACGGCGGTACGAACAAGAAAAACGATGCTCCTGCTACGAAGTGGAAGGCAGAATATTGTGGGTATTAC,66.48126076016422,5020
V7,TACGGCGGTACGAACAAAAAGGCCACGCCCCCTGCTGCTGCAGTTCCTGCTACGAAGTGGAAGGCAGAATATTGTGGGTATTAC,3.800821083300225,287
V7,GACGGCGGTACGACCAAGAAAAACGATGCTCCTGCTACGAAGTGGAAGGCAGAATATTGTGGGTATTAC,0.013243279035889286,1
V7,TACGGCGGTACGAACAAAAAGGCCACGCCCCCTGCTGCTCCTGCTGCTCTTACGAAGTGGAAGGCAGGATATTGTGGGTATTAC,2.688385644285525,203
V7,TACGGCGGTACGAACAAGAAAAACGATGCTGCTCTTACGAAGTGGAAGGCAGAATATTGTGGGTATTAA,0.026486558071778573,2
V7,TACGGCGTTACAAACAAAAAAAACGATGCTCCTGCTACGAAGTGTAAGGCAGAATATTGTGGGTATTAC,0.013243279035889286,1
V7,TACGGCGGTACGAACAAGAAAAACGATGCTGCTCTTACGAAGTGGAAGGAAGAATATTGTGGGTATTAC,0.06621639517944643,5
V7,TACGGCGGTACGAACAAGAAAAACNATGCTCCTGCTACGAAGTGGAAGGCAGAATATTGTGGGTATTAC,0.013243279035889286,1
V7,TAAGGCGGTACGAACAAGAAAAACGATGCTCCTGCTACGAAGTGGAAGGCAGAATATTGTGGGTATTAC,0.06621639517944643,5
V7,TACGGCGGTACGAACAAGAAAAACGATGCTGCTCTTACGAAGTGGAAGGCAGAAAATTGTGGGTATTAC,0.013243279035889286,1
V7,TACGGCTGTACGAACAAGAAAAACGATGCTCCTGCTACGAAGTGGAAGGCAGAATATTGTGGGTATTAC,0.03972983710766786,3
V7,TACGGCGGTACGAACAAGAAAAACGATGCTCCTGCGACGAAGTGGAAGGCAGAATATTGTGGGTATTAC,0.013243279035889286,1
V7,TACGGCGGTACGAACAAGAAAAACGATGCTGCTGCAGCCCCTGCTCCTGCTACGAAGTGGAGCAAGGAATATTGTGGGTATTAC,0.013243279035889286,1
V7,TACGGCGGTACGAACAAAAAGGCCACGCCCCCTGCTGCTCCTGCTGCTCTGACGAAGTGGAAGGCAGGCTAGTGTGGGTATTAC,0.013243279035889286,1
V7,TACGGCGGTAGGAACAAGAGAAACGATGCTGCTCTTACGAAGTGGAAGGCAGAATATTGTGGGTATTAC,0.013243279035889286,1
V7,TACGGCGGTACGAACAAGAAAAAAGATGCTGCTCTTACGAAGTGGAAGGCAGAATATTGTGGGTATTAC,0.013243279035889286,1
V7,TACGGCGGTACGAACAAGAAAAACGATGCTCCTGCTACGAAGTGGACGGCAGAATATTGTGGGTATTAC,0.026486558071778573,2
V7,TACGGCGGTACGAACAAGAAAAACGATGCTGCTCTTACGAAGTGGAAGGCAGAATATTGTGGGTATTNC,0.013243279035889286,1
V7,TACGGCGGTACGAACAAGAAAAACTATGCTCCTGCTACGAAGTGGAAGGCAGAATATTGTGGGTATTAC,0.06621639517944643,5
V7,TACGGCGGTACGAACAAGAAAAACGATGCTCCTGCTACGAAGTGGAAGGCAGACTATTGTGGGTATTAC,0.06621639517944643,5
V7,TACGGCGGTACGAACAAGAAAAACGATGCTGCTCTTACGAAGTGGAAGGCAGACTATTGTGGGTATTAC,0.013243279035889286,1
V7,TACGGCGGTACGAACAAGAAAAACGATGCTCCTGCTACGAAGTGGAAGGCAGAATATTGTGGGTATTAN,0.013243279035889286,1
V7,TACGGCGGTACGAACAAGAAAAACGATGCTCCTGATACGAAGTGGAAGGCAGAATATTTTGGGTATTAC,0.013243279035889286,1
V7,TACGGCGGTACGAACAAGAAAAACGATGCTCCTGCTACGAAGTGGAAGGCAGAATATTGGGGGTATTAC,0.026486558071778573,2
V7,TACGGCGGTACGACCAAGAAAAACGATGCTCCTGCTACGAAGTGGAAGGCAGAATATTGTGGGTATTAC,0.03972983710766786,3
V7,TACGGCGGTACGAACAAGAAAAACGATGCTCCAGCTACGAAGTGGAAGGCAGAATATTGTGGGTATTAC,0.013243279035889286,1
V7,TACGGCGGTACGAACAAGAAAAACGATGCTCTTGCTACGAAGTGGAAGGCAGAATATTGTGGGTATTAC,0.013243279035889286,1
V7,TACGGCGGTACGAACAAGAAAAACGATGCGCCTGCTACGAAGTTGAAGGCAGAATATTGTGGGTATTAC,0.013243279035889286,1
V7,TACGGCGGTACTAACAAGAAAAACGATGCTCCTGCTACGAAGTGGAAGGCAGAATATTGTGGGTATTAC,0.013243279035889286,1
V7,TACGGCGGTAAGAACAAGAAAACCGATGCTCCTGCTACGAAGTGGAAGGCAGAATATTGTGGGTATTAC,0.013243279035889286,1
V7,TACGGCGGTACGAACAAGAAAAACGATGCTCCTGCTACGAAGTGTAAGGCAGAATATTGTGGGTATTAC,0.052973116143557146,4
V7,TACGGCGGTACGAACAAGAAAAACGATGCTCCTGCTACGAAGTGGAAGGCAGAATATTGTGNGTATTAC,0.03972983710766786,3
V7,TACTGCGGTACGAACAAGAAAAACGATGCTCCTGCTACGAAGTGGAAGGCAGAATATTGTGGGTATTAC,0.013243279035889286,1
V7,TACGGCGGTANGAACAAGAAAAACGATGCTGCTCTTACGAAGTGGAAGGCAGAATATTGTGGGTATTAC,0.013243279035889286,1
V7,TACGGCGGTACGAACAAGAAAAACGATGCTGCTCTTACTAAGTGGAAGGCAGAATATTGTGGGTATTAC,0.026486558071778573,2
V7,TACGGCGGTACGAACAAGAANAACGATGCTCCTGCTACGAAGTGGAAGGCAGAATATTGTGGGTATTAC,0.013243279035889286,1
V7,TACGGCGGTACGAACAAGAAAAACGATGCTCCTGCTACGAAGTTGAAGGCAGAATATTGTGGGTATTAC,0.013243279035889286,1
V7,TACGGCGGTACGAACAAGAAAAACGATGCTCCTGCTACGAAGTGGAAGGCAGAATATAGTGGGTATTAC,0.013243279035889286,1
V7,TACGGCGGTACGAACAAGAAAAACGATGCTCCTTCTACGAAGTGGAAGGCAGAATATTGTGGGTATTAC,0.052973116143557146,4
V7,TACGGCGGTAAGAACAAGAAAAACGATGCTCCTGCTACGAAGTGGAAGGCAGAATATTGTGGGTATTAC,0.026486558071778573,2
V7,TACGGCGGTACGAACAAGAAAAACGATGCTCCTGCTACGAAGTGGAAGGCAGAATATTGTGGGTCTTAC,0.03972983710766786,3
V7,TACGGCGGTACGAACAAGAAAAACGATGCTGCTCTTACGAAGTGGAAGGCAGAATATTGTGGGTAGTAC,0.013243279035889286,1
V7,TACGGCGGTACGAACAAGAAAAAAGATGCTCCTGCTACGAAGTGGAAGGCAGAATATTGTGNGTATTAC,0.013243279035889286,1
V7,TACGGCGGTACGAAAAAGAAAAACGATGCTCCTGCTACGAAGTGGAAGGCAGAATATTGTGGGTATTAC,0.026486558071778573,2
V7,TACGGCGGTACGAACAAGAAAAACGATGCTGCTCTTAAGAAGTGGAAGGCAGAATATTGTGGGTATTAC,0.013243279035889286,1
V7,TACGGCGGTACGAACAAGAAAAACGATGCTCCTGCTACGAAGTGGAAGGCAGAATATTGTGGGTATTAT,0.052973116143557146,4
V7,TACGGCGGTACGAACAAGAAAAACGATGCTCCTGCTACGAAGTGGAAGGCAGAATATTGTTGGTATTAC,0.026486558071778573,2
V7,TACGGCGGTACGAACAAGAAAAACGATGCTCCTGCTACGAAGTGGAAGGCAGAATATTGTGGGCATTAC,0.013243279035889286,1
V7,TACGGCGGTACGAACAAGAAAAACGATGCTCCTGCTACGAAGTGGAAGGCAGAATATTGTGTGTATTAC,0.052973116143557146,4
V7,TACGGCGGTACGAACAAGAAAAACTATGCTCCTGCTACGAAGTGGAAGGCAGACTATTGTGGGTATTAC,0.013243279035889286,1
V7,TACGGCGGTACGAACAAGAAAAACGATGCTCCTGCTACGATGTGGATGGCAGAATATTGTGGGTATTAC,0.013243279035889286,1
V7,TACGGCGGTACGAACAAGAAAGACGATGCTGCTCTTACGAAGTGGAAGGCAGAATATTGTGGGTATTAC,0.013243279035889286,1
V7,TACGGCGGTACGAACAAGAAACACGATGCTCCTGCTACGAAGTGGAAGGCAGAATATTGTGGGTATTAC,0.052973116143557146,4
V7,TACGGCGGTACGTACAAGAAAAACGATGCTCCTGCTACGAAGTGGAAGGCAGAATATTGTGGGTATTAC,0.013243279035889286,1
V7,TACGGCGGTACGAACAAGAAAAACGATGCTCCTGCTACGAAGTGGAAGGCANAATATTGTGGGTATTAN,0.013243279035889286,1
V7,TACGGCGGTACGAACAAGAAAAACGATGCTGCTCTTACGAAGTGGTAGGCAGAATATTGTGGGTATTAC,0.013243279035889286,1
V7,TACGGCGGTACGAACAAGAAAAACGATGCTGCTCTTACGAAGTGGAAGGCAGAATATTGTGGGTATTTC,0.013243279035889286,1
V7,TACGGCGGTACGAACAAGAAAAACGATGCTCCTGCTACGAAGTGGAAGGCAGAATATTGTGGTTATTAC,0.052973116143557146,4
V7,TACGGCGGTACTAACAAGAAAAACGATGCTGCTCTTACGAAGTGGAAGGCAGAATATTGTGGGTATTAC,0.013243279035889286,1
V7,TACGGCGGTACGAACAATAAAAACGATGCTCCTGCTACGAAGTGGAAGGCAGAATATTGTGGNTATTAC,0.013243279035889286,1
V7,TACGGCGGTACGAACAAGAAAAACTATGCTGCTCTTACGAAGTGGAAGGCAGAATATTGTGGGTATTAC,0.03972983710766786,3
V7,TACGGCGGTACGAACAAAANGGCCACGCCCCCTGCTGCTGCAGTTCCTGCTACGAAGTGGAAGGCAGAATATTGTGGGTATTAC,0.013243279035889286,1
V7,TACGGCGGTACGAACAAGAAAAACGATGCTGCTCTTACGAAGTGGACGGCAGAATATTGTGGGTATTAC,0.013243279035889286,1
V7,TACGGCGGTACGAACAAGAAAAACGATGCTCCTGCTACGAAGTGGAATGCAGAATATTGTGGGTATTAC,0.026486558071778573,2
V7,TACGGCGGTACGAACAAGAAAAACGATGCTCCTGCTACGAAGTGGTAGGCAGAATATTGTGGGTATTAC,0.03972983710766786,3
V7,TACGGCGGTACGAACAAGAAAAACGATGCTGCTCTTACGAAGTGGAAGGCAGAATCTGGTGGGTATTAC,0.013243279035889286,1
V7,TACGGCGGTACGAACAAGAAAAACGATGCTTCTGCTACGAAGTGGAAGGCAGAATATTGTGGGTATTAC,0.013243279035889286,1
V7,TACGGCGGTACGAACAAGAAAAACGATGCTCCTGCTACGTAGTGGAAGGCAGAATATTGTGGGTATTAC,0.026486558071778573,2
V7,TACGGCGGTACGAACAAGAAAAACGATGTTGCTCTTACGAAGTGGAAGGCAGAATATTGTGGGTATTAC,0.026486558071778573,2
V7,TACGGCGGTACGAACAAGAAAAACGATGCTCCTGCTACGAAGTGGAAGGTAGAATATTGTGGGTATTAC,0.026486558071778573,2
V7,TACGGCGGTACGAACAAGAAAAACGATGCTGCTCTTACGAAGTGGAAGGCAGAATATGGTGGGTATTAC,0.013243279035889286,1
V7,TGCGGCGGTACGAACAAGAAAAACGATGCTCCTGCTACGAAGTGGAAGGCAGAATATTGTGGGTATTAC,0.026486558071778573,2
V7,TACGGCGGTACGAACAAAAAGGCCACGCCCCCTGCTGCTGCAGTTCCTGATACGAAGTGGAAGGCAGAATATTGTGGGTATTAC,0.013243279035889286,1
V7,TACGGCGGTACGAACAAGAAAAACGATGCTGCTCTTACGAAGTGGATGGAATAATATTGTGGGTATTAC,0.013243279035889286,1
V7,TACGGCGGTACGACCAAGAAAAACGATGCTGCTCTTACGAAGTGGAAGGCAGAATATTGTGGGTATTAC,0.013243279035889286,1
V7,TACGGCTGTACGAACAAAAAGGCCACGCCCCCTGCTGCTCCTGCTGCTNTTACGAAGTGGAAGGCAGGATATTGTGGGTATTAC,0.013243279035889286,1
V7,TACGGCGGTACGAACAAGNAAAACGATGCTCCTGCTACGAAGTGGAAGGCAGAATATTGTGGGTATTAC,0.013243279035889286,1
V7,TACGGCGGTACGAACAAGAAAAACGATGCCCCTGCTACGAAGTGGAAGGCAGAATATTGTGGGTATTAC,0.013243279035889286,1
V7,TACGGCGGTACGAACAAGAAAAACGATGCTCCTGCTACGAAGTGGAAGGCAGAATATTGTGGGTATTAA,0.013243279035889286,1
V7,TACGGCGGTACGAACAAGAAAAANGATGCTCCTGCTACGAAGTGGAAGGCAGAATATTGTGGGTATTAC,0.013243279035889286,1
V7,TACGGCGGTACGAACAAGAAAAACGATGCTCCTGCTTCGAAGTGGAAGGCAGAATATTGTGGGTATTAC,0.013243279035889286,1
V7,TACGGCGGTACGAACAAGAAAAACGATGCTCCTGCTACGAAGTGGATGGCAGAATATTGTGGGTATTAC,0.013243279035889286,1
V7,TACGGCTGTACGAACAAAAAGGCCACGCCCCCTGCTGCTGCAGTTCCTGCTACGAAGTGGAAGGCAGAATATTGTGGGTATTAC,0.013243279035889286,1
V7,TACGGCGGTACGAACAAAAAGGCCACGCCCCCTGCTGCTGCAGTTCCTGCTACGAAGTGGTAGGCAGAATATTGTGGGTATTAC,0.026486558071778573,2
V7,TACGGCGGTACGAACAAGAAAAACGATGCTCCTGCTACGAAGTGGAAGGCAGAATATNGTGGGTATTAC,0.03972983710766786,3
V7,TACGGCGGTACGAACAAGAAANACGATGCTCCTGCTACGAAGTGGAAGGCAGAATATTGTGGGTATTAC,0.026486558071778573,2
V7,TACGGCGGTACGAACAAGAAAAACGATGCTCCTGCTACGAAGTGGAAGGCAGAATATTGTGGGTAGTAC,0.052973116143557146,4
V7,TACGGCGGTACGAACAAGAAAATCGATGCTCCTGCTACGAAGTGGAAGGCAGAATATTGTGGGTATTAC,0.013243279035889286,1
V7,TACGGAGGTACGAACAAGAAAAACGATGCTGCTCTTACGAAGTGGAAGGCAGAATATTGTGGGTATTAC,0.013243279035889286,1
V7,TACGGCGTTACGAACAAGAAAAACGATGCTGCTCTTACGAAGTGGAAGGCAGAATATTGTGGGTATTAC,0.013243279035889286,1
V7,TACGGCGGTACGAACAAGAAAAACGCTGCTCCTGCTACGAAGTGGAAGGCAGAATATTGTGGGTATTAC,0.013243279035889286,1
V7,TACGGCGGTACGAACAAGAAAAACGATGCTCCTGCTACGAAGTGGAAGTCAGAATATTGTGGGTATTAC,0.03972983710766786,3
V7,TACGGCGGTACGAACAAAAAGGCCACGCCCCCTGCTGCTGCAGTTCCTGCTACGAAGTGGAAGTCAGAATATAGTGGGTATTAC,0.013243279035889286,1
V7,TACGGCGTTACGAACAAGAAAAACGATGCTCCTGCTACGAAGTGGAAGGCAGAATATTGTGGGTATTAC,0.013243279035889286,1
V7,TACGGCGGTACGAACAAGANAAACGATGCTCCTGCTACGAAGTGGAAGGCAGAATATTGTGGGTATTAC,0.013243279035889286,1
V7,TACGGCGGTACGAACAAGAAAAATGATGCTCCTGCTACGAAGTGGAAGGCAGAATATTGTGGGTATTAC,0.013243279035889286,1
V7,TNCGGCGGTACGAACAAGAAAANCGATGCTCCTGCTACGAAGNGGAAGGCAGAATATGGTGGGTATTAC,0.013243279035889286,1
V7,TACGGCGGTACGAACAAGAAAANCGATGCTCCTGCTACGAAGTGGAAGGCAGAATATTGTGGGTATTAC,0.013243279035889286,1
V7,TACGGCGGTACGAACAAGAAAAAAGATTCTCCTGCTAAGAATTGGAAGGCAGAATATTGTGGGTATTAC,0.013243279035889286,1
V7,TACGGGGGTACGAACAAGAAAAACGATGCTCCTGCTACGAAGTGGAAGGCAGAATATTGTGGGTATTAC,0.026486558071778573,2
V7,TACGGCGGTACGAACAAGAAAAACGAAGCTCCTGCTACGAAGTGGAAGGCAGAATATTGTGGGTATAAC,0.013243279035889286,1
V7,TACGGCGGTACGAACAAGAAAAACGATTCTCCTGCTACGAAGTGGAAGGCAGAATATTGTGGGTATTAC,0.03972983710766786,3
V7,TACGGCGGTACGAACAAGAAAAAAGATGCTCCTGCTACGAAGTGGAAGGCAGAATATTGTGGGTATTAC,0.03972983710766786,3
V7,TACGGCGGTACGAACATAAAGGCCACGCCGCCTGCTGCTCCTGCTGCTCTTACGAAGTGGATGGCAGGATATTGTGGGTATTAC,0.013243279035889286,1
V7,TACGGCGGTACGCACAAGAAACACGATGCTCCTGCTACGAAGTGGAAGGCAGAATATTGTGGGTATTAC,0.013243279035889286,1
V7,TACTGCGGTACGAACAAGAAAAACNATGCTCCTGCTACGAAGTGGAAGGCAGAATATTGTNGGTATTAC,0.013243279035889286,1
V7,TACGGCGGTACGAACAAGAAAAACGATTCTCCTGCTACGAAGTGGAAGGCANAATATTGTGGGTATTAC,0.013243279035889286,1
V7,TACGGCGGTACGAACAAAAAGGCCACGCCCCCTGCTGCTGCAGTTCCTGCTACGAAGTGGAAGGCAGAATATTGTGGGTCTTAC,0.013243279035889286,1
V7,TAAGGCGGTACGAAAAAGAAAAACGATGCTCCTGCTACGAAGTGGAAGGCAGAATATTGTGGGTATTAC,0.013243279035889286,1
V7,TACGGCGGTACGGACAAGAAAAACGATGCTCCTGCTACGAAGTGGAAGGCAGAATATTGTGGGTATTAC,0.013243279035889286,1
V7,TACGGCGGTACGAACAAGAACAACGATGCTGCTCTTACGAAGTGGAAGGCAGAATATTGTGGGTATTAC,0.026486558071778573,2
V7,TACGGCGGTACGAACAAGAAAAACGATGCTCCTGCTACGNAGTGGAAGGCAGAATATTGTGGGTATTAC,0.013243279035889286,1
V7,TACGGCGGTACGAACAAAAAGGCCACGCCCCCTGCTGCTCCTGGTGCAGTTCCTGGTGCTGCTGCTCTTACGAAGTGGAAGGCAGGATATTGTGGGTATAC,0.013243279035889286,1
V7,TACGGCGGTACGAACAAGAAAAACGATGCTGCTCTTACGAAGTTGAAGGCAGAATATTGTGGGTATTAC,0.026486558071778573,2
V7,TACGGCGGTACGAACAAGAANAACGATGCTGCTCTTACGAAGTGGAAGGCAGAATAGTGTGGGTATTAC,0.013243279035889286,1
V7,TACGGCGGTACGAACAAGAAAAACGATGCTCCTGCTACGAAGTGGAAGGCAGAATATTNTGGGTATTAC,0.013243279035889286,1
V7,TACTGCGGTACGAACAAGAAAAACGATGCTGCTCTTACGAAGTGGAAGGCAGAATATTGTGGGTATTAC,0.026486558071778573,2
V7,TACGGCGGTACGAACAAGAAAAACGATGCTCCTGCTACGAAGTGGAAGGCAGAATATTTTGGGTATTAC,0.013243279035889286,1
V7,TACGGCGGTACGAACAAGAAAAACGATGCTCCTGCTACAAAGTGGAAGGCAGAATATTGTGGGTATTAC,0.013243279035889286,1
V7,TACGGCGGTACGAACAAGAAAAACGATGCTGCTCTTACGAAGTGGAAGTCAGAATATTGTGGGTATTAC,0.013243279035889286,1
V7,TACGGCGGTACGAACAAGAAAAACGATGCTCCTGCTACGAAGTGGAAGGCAGAATATTGTGGGTANTAC,0.013243279035889286,1
V7,TACGGCGGTACGAACAAGAAACACGATGCTCCTGCTACGCAGTGGTAGGCAGAATATTGTGGGCATTAC,0.013243279035889286,1
V7,TACGGCGGTACGAACAAGAAAAACGAGGCTCCTGCTACGAAGTGGAAGGCAGAATATTGTGGGTATTAC,0.013243279035889286,1
V7,TACGGCGGTACGAACAAAAAGGCCACGCCCCCTGCTGCTGCCGTTCCTGCTACGAAGTGGAAGGCAGACTATTGTGGGTATTAC,0.013243279035889286,1
V7,TACGGCGGTACGAACAAGAANAACGATGCTGCTCTTACGAAGTGGAAGGCAGAATATTGTGGGTATTAC,0.013243279035889286,1
V7,TACGGCGGTACGAACAAGAAAAACGATGCTCCTGCTACGAAGTGGAAGGCAGAATTTTGTGGGTATTAC,0.013243279035889286,1
V7,TACGGCGGTACGAACAATAAGGCCACGCCCCCTGCTGCTGCAGTTCCTGCTACGAAGTGGAAGGCAGAATATTGTGGGTATTAC,0.013243279035889286,1
V7,TACGGCGGTACGAACAAGAAAAACGATGCTGCTCTTACGAAGTGGAAGGCAGAATATTGTGGGTATTGC,0.013243279035889286,1
V7,TACGGCGGTACGAACAAGAAAAACGATGCTCCTGCTACGAAGTGGAAGGCAGTATATTGTGGGTATTAC,0.013243279035889286,1
V7,TACGGCGGTACGAACACGAAAAACGATGCTCCTGCTACGAAGTGGAAGGCAGAATATTGTGGGTATTAC,0.013243279035889286,1
V7,TACGGCGGTACGAACAAGAAAAACGATGCTCCTGCTACGAAGTGGAAGGCAGAATCTGGTGGGTATTAC,0.013243279035889286,1
V7,TACGGCGGTACGAACAAGAAAAAAGATGCTCCTGCTACGAAGTGGAAGGCAGAATAATGTGGGTATTAC,0.013243279035889286,1
V7,TACGGCGGTACGAACAAGAAAAACGATGCTCCTGCTACGAAGTGGAGGGCAGAATATTGTGGGTATTAC,0.013243279035889286,1
V7,TACGGCGGTACGAACAAGAAAAACGATGCTCCTGCTACGAAGTGGATGGCCGAATATTGTGGGTATTAC,0.013243279035889286,1
V7,TACGGCGGTACGAACAAGAAAAACGATGCTCCTGATACGAAGTGGAAGGCAGAATATTGTGGGTATTAC,0.013243279035889286,1
V7,TACGGCGGTACTAACAAGAAAAACGATGATCCTGCTACGAAGTGGAAGGCAGAATATTNTGGGTATTAC,0.013243279035889286,1
V7,TACGGCGGTACGAACAAGAAAAACGATGCTCCTGCTNCGAAGTGGAAGGCAGAATATTGTGGGTATTAC,0.013243279035889286,1
V7,TACGGCGGTACGAACAAGAAAAACGATGCTCCTGCTACGAAGTGGAAGGCAGAATATTGTGGGTATTCC,0.013243279035889286,1
V7,TACGGCGGTACGAACAAGAAAAACGATGCTCCTGCTACGAAGTGGAAGGCAGAATATTGTGGATATTAC,0.052973116143557146,4
V7,TACGGCGGTACGAACAAGAAAAACGATGCTCATGCTACGAAGTGGAAGGCAGAATATTGTGGGTATTAC,0.06621639517944643,5
V7,TACGGCGGTACGANCAAGAAAAACGATGCTCCTGCTACGAAGTGGAAGGCAGAATATTGTGGGTATTAC,0.013243279035889286,1
V7,TACGTCGGTACGAACAAGAAAAACGATGCTCCTGCTACGAAGTGGAAGGCAGAATATTGTGGGTATTAC,0.013243279035889286,1
V7,TACGGCGGTACGAACAAGGAAAACGATGCTCCTGCTACGAAGTGGAAGGCAGAATATTGTGGGTATTAC,0.013243279035889286,1
V7,TACGGCGGTACGAACAAGAAAAACGATGCTCCTGCTACNAAGTGGAAGGCAGAATATTGTGGGTTTTAC,0.013243279035889286,1
V7,TACGGCGGTACGAACAAGAAAAACGATGCTGCTCTTACGAAGTGGAAGGCAGAATATTGGGGGTATTAC,0.013243279035889286,1
V7,TACGGCGGTACGAACAAGAAAAACGATGCTGCTCTTACGAAGTGGGAGGCAGAATATTGTGGGTATTAC,0.026486558071778573,2
V7,TACGGCGGTACGAACAAGAAAAACGAAGCTCCTGCTACGAAGTGGAAGGCAGAATATTGTGGGTATTAC,0.013243279035889286,1
V7,TACGGCGGTACGAACCAGAAAAACGATGCTCCTGCTACGAAGTGGAAGGCAGAATATTGTGGGTATTAC,0.026486558071778573,2
V7,TACGGCGGTACGAACAAGAAAAACGATGCTCCTGCTANGAAGTGGAAGGCAGAATATTGTGGGTATTAC,0.013243279035889286,1
V7,TACGGCGGTACGAACAAGAAAAACGANGCTGCTCTTACGAAGTGGAAGGCAGAATATTGTGGGTATTAC,0.013243279035889286,1
V7,TACGGCGGTACGAACAAGNAAAACGATGCTGCTCTTACGAAGTGGAAGGCAGAATATTGTGGGTATTAC,0.013243279035889286,1
V7,TACGGCGGTACGAACAAGACAAACGATGCTCCTGCTACGAAGTGGAAGGCAGAATATTGTGGGTATTAC,0.026486558071778573,2
V7,TACGGCGGTACGAACANGAAAAACGATGCTCCTGCTACGAAGTGGAAGGCAGAATATTGTGGGTATTAC,0.013243279035889286,1
V7,TACGGCGGTACGAACAATAAAAACGATGCTCCTGCTACGAAGTGGAAGTCAGAATATTGTGGGTATTAC,0.013243279035889286,1
V7,TACGGCGGTACGAACAAGAAAAACGATGCTCCTGCAACGAAGTGGAAGTCAGAATATTGTGGGTATTAC,0.013243279035889286,1
V7,TACGGCGGTACGAACAAAAAGGCCACGCCCCCTGCTGCTGCAGTTCCTGCTACGAAGTGGAAGGCGGAATATTGTGGGTATTAC,0.013243279035889286,1
V7,TACGGCGGTACGAACAAGAAAAACGATGCTGCTCTTACGAAGTGGAAGGCAGAATTTTGTGGGTATTAC,0.026486558071778573,2
V7,TACGGCGGTACGAACAAGAAAAACGATGCTCCTGCTACGAAGTGGAAGGCAGAATATTGTGGGNATTAC,0.013243279035889286,1
V7,TACGGCGNTACGAACAAGAAAAACGATGCTCCTGCTACGAAGTGGAAGGCAGAATATTGTGGGTATTAC,0.013243279035889286,1
V7,TACGGCGGTACGAACAAGAAAAACGAGGCTGCTCTTACGAAGTGGAAGGCAGAATATTGTGGGTATTAC,0.013243279035889286,1
V7,TACGGCGGTACGAAAAAGAAAAACGATGCTGCTCTTACGAAGTGGAAGGCAGTATATTGTGGGTATTAC,0.013243279035889286,1
V7,TACGGCGGTACGAACAAGAAAAACGATGCTGCTCTTGCGAAGTGGAAGGCAGAATATTGTGGGTATTAC,0.013243279035889286,1
V7,TACGGCGATACGAACAAGAAAAACGATGCTGCTCTTACGAAGTGGAAGGCAGAATATTGTGGGTATTAC,0.013243279035889286,1
V7,TACGGCGGTACGAACAAGAAACACGATGCTGCTCTTACGAAGTGGAAGGCAGAATATTGTGGGTATTAC,0.026486558071778573,2
V7,TACGGCGGTACGAACAAGAAAAACGATGCTCCTGCTACGAAGTGGAAGGCAGAATATTGTGGGTTTTAC,0.013243279035889286,1
V7,TACGGCGGTACGAACAAGAAAAACGATGCTCCTGCTACGAAGTGGAAGGCAGAATATGGTGGGTATTAC,0.03972983710766786,3
V7,TACGGCGGAACGAACAAGAAAAACGATGCTGCTCTTACGAAGTGGAAGGCAGAATATTGTGGGTATTAC,0.013243279035889286,1
V7,TACGGCGGTACGAACAAGAAAAAAGATGCTCCTGCTACGAAGTGGAAGGCAGTATATTGTGGGTATTAC,0.013243279035889286,1
V7,TACGGCGGTACGAACAAGAAAAACGATGCTGCTCTTACGAAGTGGAAGGCAGANTATTGTGGGTATTAC,0.013243279035889286,1
V7,TACGGCGATACGAACAAGAAAAACGATGCTCCTGCTACGAAGTGGAAGGCAGAATATTGTGGGTATTAC,0.013243279035889286,1
V7,TACGGCGGTACGAACAAGAAAAACGATGCTACTGCTACGAAGTGGAAGGCAGAATATTGTGGGTATTAC,0.03972983710766786,3
V7,TACGGCGGTACGAACAAGAAAAACGATGCTCCTGCTACGAAGTGGAAGGCTGAATATTGTGGGTATTAC,0.013243279035889286,1
V7,TACGGCGGTACGAACAAGAAAAACGATGCTCCTGCCACGAAGTGGAAGGCAGAATATTGTGGGTATTAC,0.013243279035889286,1
V7,TACGGCGGTACGAACAAGAAGAACGATGCTCCTGCTACGAAGTGGAAGGCAGAATATTGTGGGTATTAC,0.013243279035889286,1
V7,TACGGCGGTACGAACAAGAAAAACGATGCTCCTGCTGCGAAGTGGAAGGCAGAATATTGTGGGTATTAC,0.013243279035889286,1
V7,TACGGCGGTACGAACAAGAAAAACGATGCTGCTCTTACGAAGTGGAAGGCAGAATATTGTGGTTATTAC,0.013243279035889286,1
V7,TACGGCGGTACGAACAAGAAAAACGATGCTCCTGCTACGGAGTGGAAGGCAGAATATTGTGGGTATTAC,0.013243279035889286,1
V7,TACGGCGGTACGAACAAGAAAAACGATGCTGCTCTTACGAAGTGGAAGGTAGAATATTGTGGGTATTAC,0.013243279035889286,1
V7,TACGGCGGTACGAACAAGAAAANCGATGCTGCTCTTACGAAGTGGAAGGCAGAATATTGTGGGTATTAC,0.013243279035889286,1
V7,TACGGCGGTACGAACAAAAAGGCCACGACCCCTGCTGCTCCTGGTGCAGTTCCTGGTGCTGCTGCTCTTACGAAGTGGAAGGCAGGATATTGTGGGTATTAC,0.013243279035889286,1
V7,TACGGCGGTACGAACAAGAAAAACGATGCTCCTGCTACGAAGTGGAAGGCAGAATNTTGTGGGTATTAC,0.013243279035889286,1
V7,TATGGCGGTACGAACAAGAAAAACGATGCTCCTGCTACGAAGTGGAAGGCAGAATATTGTGGGTATTAC,0.013243279035889286,1
V7,TACGGCGGTACGAACAAGAAAAACGATGCTCCTGCTACGAAGTGGAAGGCAGAATATTGTGGGTATAAC,0.013243279035889286,1
V7,TACGGCGGTACGAACAAGAAAAACGATGCTCCTGCTACNAAGTGGAAGGCAGAATATTGTGGGTATTAC,0.013243279035889286,1
V7,TACGGCGGTACGAACAAGAAAAACGATGCTCCTGCGACCCAGTGGAAGGCAGAATATTGTGGGTAGTCC,0.013243279035889286,1
V7,TACGGCGGTACGAACAAGAAAAACGATGCTCCTGNTACGAAGTGGAANGCAGAATATTGTGGGTATTAC,0.013243279035889286,1
V7,TACGGCGGTACGAACAAGCAAGCTGCTGCTGCAGCCCCTGCTCTTACGAAGTGGAGCAAGGAATATTGTGGGTATTAC,0.013243279035889286,1
V7,TACGGCGGTACGAACAAAAAGGCCACGCCCCCTGCTGCTCCTGCTGCTCTTACGAAGTGGAAGGCAGGATATTGTTGGTATTAC,0.013243279035889286,1
V7,TACGGCGCTACGAACAAGAAAAACGATGCTCCTGCTACGAAGTGGAAGGCAGAATATTGTGGGTATTAC,0.013243279035889286,1
V7,TACGGCGGTACGAACAAGAAAAACGATGCTGCTCTTACGAGGTGGAAGGCAGAATATTGTGGGTATTAC,0.013243279035889286,1
V7,TACGGCGGTACGAACAAGAAAAACGATGCTGNTCTTACGAAGTGGAAGGCAGAATATTGTGGGTATTAC,0.013243279035889286,1
V7,TACGGCGGTACGAACAAAAAGGCCACGCCCCCTGCTGCTCCTGCTGCTCTTACGACGTGGAAGGCAGGATATTGTGGGTATTAC,0.013243279035889286,1
V7,TACGGCGGTACGAACAAGAAAAACGATGCTCCTGCTACGAAGTGGAAGGCAGAATATTGTGGGTNTTAC,0.026486558071778573,2
V7,TACGGCGGTACGAACAAGAAAAACGATGCTCCTGCTACGAAGAGGAAGGCAGAATATTGTGGGTATTAC,0.013243279035889286,1
V7,TACGGCGGTACGAACAAGAAAAACGATGCTCCTGCTACGAAGAGGAAGGCAGAATATTGTGTGTATTAC,0.013243279035889286,1
V7,TACGGCGGTACGAACAAAAAGGCCACGCCCCCTACTGCTGCAGTTCCTGCTACGAAGTGGAAGGCAGAATATTGTGGGTATTAC,0.026486558071778573,2
V7,TACGGAGGTACGAACAAGAAAAACGATGCTCCTGCTACGAAGTGGAAGGCAGAATATTGTGGGTATTAC,0.013243279035889286,1
V7,TACGGCGGTACGAACAATAAAAACGATGCTGCTCTTACGAAGTGGAAGGCAGAATATTGTGGGTATTAC,0.026486558071778573,2
V7,TACGGCGGTACGAACAAGAAAAACGATGCTCCTGCTACGAAGTGGANGGCAGAATATTGTGGGTATTAC,0.013243279035889286,1
V7,TACGGCGGTACGAACAAGAAAAACGATGCTCCTGCTACGAAGTGGAAGGCATAATATTGTGGGTATTAC,0.03972983710766786,3
V7,TACGGCGGTACGAACAAGAAAAACGATGCTCCTGCTAAGAAGTGGAAGGCAGAATATTGTGGGTATTAC,0.013243279035889286,1
V7,TACGGCGGTACGAACAAGAAAAACGATGCTCCTGCTACGAAGTGGAAGGCCGAATATTGTGGGTATTAC,0.013243279035889286,1
V7,TACGGCGGTACGAGCAAGAAAAACGATGCTCCTGCTACGAAGTGGAAGGCAGAATATTGTGGGTATTAC,0.013243279035889286,1
V7,TACGGCGGTACGAACAAAAAGGCCACGCCCCCTGCTGCTGCAGTTCCTGCTACGAAGTGGAAGGCTGAATATTGTGGGTATTAC,0.013243279035889286,1
V7,TACGGCGGTACGAACAAGAATAACGATGCTGCTCTTACGAAGTGGAAGGCAGAATATTGTGGGTATTAC,0.013243279035889286,1
V7,TACGGCGGTACGAACAAGAAAAACGATGCTCCTGCTACGAAGTGGCAGGCAGAATATTGTGGGTATTAC,0.013243279035889286,1
V7,TACGGCGGTACGAACAAGAAAAACGATGCTCCTGCTACGAAGTGGAAGGCAGAATATTGTTGGTATTAA,0.013243279035889286,1
V7,TACGGCGGTACGAACAAAAAGGCCAGGCCCCCTGCTGCTGCAGTTCCTGCTACGAAGTGGAAGGCAGAATATTGTGGGTATTAC,0.013243279035889286,1
V7,TACGGCGGTACGAACAAGAAAAACGATGCTCCTGCTCCGAAGTGGAAGGCAGAATATTGAGGGTATTAC,0.013243279035889286,1
V7,TACGGCGGTACGAACAAAAAGGCCACGCCCCCTGCTGCTGCAGTTCCTGCTACGAAGTGGAAGGAAGAATATTGTGGGTATTAC,0.013243279035889286,1
V7,TACGGCGGTACGTACAAGAAAAACGATGCTGCTCTTACGAAGTGGAAGGCAGAATATTGTGGGTATTAC,0.013243279035889286,1
V7,TACGGCGGTACGAACAAGAAAAACGATGCTCCTGCTACGAAGTGGAAGGCAGAAGATTGTGGGTATTAC,0.013243279035889286,1
V7,TACGGCGGTACGAACAAGAAAAACGATGCTGCTCTTACGAAGTAGAAGGCAGAATATTGTGGGTATTAC,0.013243279035889286,1
V7,TACGGCGGTACGAACAAGAACAACGATGCTGCTCTTACGAAGTGGAAGGCAGAATATTGTGGGTATGAC,0.013243279035889286,1
V7,TACGGCGGTACGAACAAGAAAAACGATGCTCCTGCTACGAAGTGGAAGGCAGAATATTGTGGGTGTTAC,0.013243279035889286,1
V7,TACGGCGGTACGAACAAGAAAAACGATGCTCCTGCTACGACGTGGAAGGCAGAAGATTGTGGGTATTAC,0.013243279035889286,1
V7,TACGGCGGTACGAACAAGAAAAGCGATGCTCCTGCTACGAAGTGGAAGGCAGAATATTGTGGGTATTAC,0.013243279035889286,1
V7,TACGGCGGTACGAACAAGAAAAACGATGCTGATCTTACGAAGTGGAAGGCAGAATATTGTGGGTATTAC,0.026486558071778573,2
V7,TACGGCGGTACGAACAAAAAGGCCACGCCCCCTGCTGCTCCTNCTGCTCTTACGAAGTGGAAGGCAGGATATTGTGGGTATTAC,0.013243279035889286,1
