Region,Read,AAseq,P-22-20006,P-21-20045,R-21-10099,R-21-10111,P-21-20135,P-21-20119,P-22-20227,UW15953O,R-21-10122,P-21-20167,P-22-20168,UW15993L,UW15993O,UW15977O,R-22-10139,P-22-20198,UW15970L,P-22-20282,R-22-10209,V-21-40001,V-21-40015,V-21-40005,UW15939L,R-21-10052,R-21-10091,P-21-20120,P-21-20116,UW16057L
V1,GGCATTGCATCTGAAACTGGTGGCGCCCAACCCCTCAAGCAT,GIASETGGAQPLKH,2883,0,0,0,0,0,0,0,0,0,0,0,0,3096,0,0,0,0,0,0,0,0,136.5,0,535,0,0,0
V1,GGCATTGCATATGAAAATGGTGGCGCCCAACCCCTCAAGCAT,GIAYENGGAQPLKH,127,0,0,0,190,0,225,0,0,0,0,0,0,0,0,0,3380,0,0,0,0,0,3134.5,0,450,0,3255,0
V1,GGCATTGCATCTGAAAAAAATGGTGGCGCCCAACCCCTCAAGCAT,GIASEKNGGAQPLKH,117.5,0,181,0,78.5,0,0,0,0,0,0,178,0,0,0,0,0,0,0,0,0,0,37.5,0,1406,0,43,0
V1,GGCATTGCATCTGAAACTGGTGGCGCCGGAGCCCTCAAGCAT,GIASETGGAGALKH,117.5,0,37,0,0,0,0,0,0,0,0,0,0,0,0,0,0,0,0,0,0,0,0,0,424,0,0,0
V1,GGCATTGCATCCGATGGTGGCGCCCAACCCCTCAAGCAT,GIASDGGAQPLKH,80,51.5,0,0,0,0,0,0,0,0,0,0,0,46.5,0,0,0,0,0,0,0,0,0,0,345.5,0,0,0
V1,GGCATTGCATCCGAAGATGGTAGCGCCGGAAACCTCAAGCAT,GIASEDGSAGNLKH,45,0,0,963,124.5,0,0,0,0,0,0,49.5,0,0,0,0,0,3392.5,3409.5,3362,3222.5,3377.5,0,0,71.5,0,0,0
V1,GGCATTGCATCCGATGGTGGCGCCATCAAGCAT,GIASDGGAIKH,0,3237,0,34.5,106.5,1838,54.5,3080.5,0,3022,3325.5,0,1167.5,0,3250.5,3390.5,0,0,0,0,0,0,0,3413,160.5,0,0,2172
V1,GGCATTGCATATGAAAATGGTGGCGCCATCAAGCAT,GIAYENGGAIKH,0,61,0,0,46,0,0,0,3296.5,0,31.5,0,0,0,0,0,0,0,0,0,0,0,0,0,0,0,0,0
V1,GGCATTGCATCTGAAACTGGTGGCGCCGGAAACCTCAAGCAT,GIASETGGAGNLKH,0,0,3051,0,0,0,0,0,0,0,0,0,0,0,0,0,0,0,0,0,0,0,0,0,0,0,0,0
V1,GGCATTGCATCTGAAAAAAATGGTGGCGCCATCAAGCAT,GIASEKNGGAIKH,0,0,0,2314.5,2774.5,0,30,24,0,0,0,3138.5,2147,0,0,0,0,0,0,0,0,0,0,0,0,0,0,0
V1,GGCATTGCATCTGAAACTGGTGGCGCCATCAAGCAT,GIASETGGAIKH,0,0,0,0,0,1344.5,689,0,0,347,0,0,0,0,181.5,0,0,0,0,0,0,0,0,0,0,3274,0,0
V1,GGCATTGCATATGAAACTGGTGGCGCCATCAAGCAT,GIAYETGGAIKH,0,0,0,0,0,0,2343,0,0,0,0,0,0,0,0,0,0,0,0,0,0,0,0,0,0,0,0,0
V1,GGCATTGCATCTGAAAAAAATGGTGGCGCCCAACCCATCAAGCAT,GIASEKNGGAQPIKH,0,0,0,0,0,0,0,254,0,0,0,36,0,0,0,0,0,0,0,0,0,0,0,0,0,0,0,0
V1,GGCATTGCATATGAAAATGGTAGCGCCGGAAACCTCAAGCAT,GIAYENGSAGNLKH,0,0,0,0,0,0,0,0,0,0,0,0,0,0,0,0,0,26,0,0,0,0,0,0,0,0,0,0
V1,GGCATTGCATCTGAAAATGGTGGCGCCCAACCCCTCAAGCAT,GIASENGGAQPLKH,0,0,0,0,0,0,0,0,0,0,0,0,0,0,0,0,0,0,0,0,0,0,0,0,0,0,25.5,0
V1,GGCATTGCATCCGAAGATGGTGGCGCCATCAAGCAT,GIASEDGGAIKH,0,0,0,0,0,0,0,0,0,0,0,0,0,0,0,0,0,0,0,0,0,0,0,0,0,0,0,1265
V2,TGGGAGGGCAAGTCAAACACGGGCGCCGCCCGAGCAGGAACTCCCAGCAAG,WEGKSNTGAARAGTPSK,2626,0,0,0,0,0,0,0,0,0,0,0,0,3266,0,0,0,0,0,0,0,0,0,0,0,0,0,0
V2,TGGGAGGGCAAGTCAAACACGGGCGTCGTCCAAGCAGGAGCAAACCACAGCAAG,WEGKSNTGVVQAGANHSK,309.5,0,0,42,0,0,0,0,0,0,0,0,0,0,0,0,0,0,0,0,0,0,0,0,0,0,0,0
V2,TGGGAGGGCAAGTCAAACACGGGCGCCCCAGCAGCAGGAACTCCCAGCAAG,WEGKSNTGAPAAGTPSK,113.5,0,0,204,64.5,0,0,0,0,0,0,0,0,0,0,0,0,0,0,0,0,0,0,0,0,0,43,0
V2,TGGGAGGGCAAAGACAGTCAGGGCAAGGCCCCAGCAGGAACTCCCAGCAAG,WEGKDSQGKAPAGTPSK,73.5,0,216,52.5,1805.5,0,0,0,0,3074,173,3061,2381,55.5,0,309,0,0,0,0,686,0,0,0,0,0,117,1241.5
V2,TGGGAGGGCAAACCAAACGGCAACGTCCCAGCAGGAACTCCCAGCAAG,WEGKPNGNVPAGTPSK,59.5,0,0,0,75.5,0,0,0,0,0,0,86,0,0,0,0,0,0,0,0,0,0,0,0,0,0,1309.5,0
V2,TGGGAGGGCAAAGACAGCAAGGGCGTCGTCCAAGCAGGAACTCCCAGCAAG,WEGKDSKGVVQAGTPSK,42.5,0,0,0,136.5,0,0,0,0,0,0,0,0,0,0,0,0,0,0,0,0,0,0,0,0,0,0,0
V2,TGGGAGGGCAAAGACAGCAAGGGCGTCGTCCAAGCAGGAGCAAACCACAGCAAG,WEGKDSKGVVQAGANHSK,41.5,46.5,0,537.5,182.5,2970.5,0,0,359,0,0,0,0,0,0,0,0,0,0,338.5,0,0,79.5,0,0,3154.5,0,0
V2,TGGGAGGGCAAAGACAGCAAGGGCGCCGCCCGAGCAGGAACTCCCAGCAAG,WEGKDSKGAARAGTPSK,23,0,0,0,0,0,0,0,0,0,0,0,0,0,0,0,0,0,0,0,0,0,0,0,0,0,0,0
V2,TGGGAGGGCAAAGACAGCAAGGGCGCCCCAGCAGCAGGAGTAACCCCCAGCAAG,WEGKDSKGAPAAGVTPSK,0,2648,0,0,0,0,0,0,0,0,0,0,0,0,0,0,0,0,0,0,0,0,0,0,0,0,0,0
V2,TGGGAGGGCAAAGACAGTCAGGGCAAGGCCCCAGCAGGAGTAACCCCCAGCAAG,WEGKDSQGKAPAGVTPSK,0,244.5,0,0,0,0,0,0,0,0,0,0,0,0,0,0,0,0,0,0,0,0,0,0,0,0,0,0
V2,TGGGAGGGCAAAGACAGTCAGGGCAAGGCCCCAGCAGGAACCCCCAGCAAG,WEGKDSQGKAPAGTPSK,0,77.5,0,0,0,0,0,0,0,0,0,0,0,0,0,0,0,0,0,0,0,0,0,0,229,0,0,0
V2,TGGGAGGGCAAAGACAGCAAGGGCGTCGTCCAAGCAGGAGTAACCCCCAGCAAG,WEGKDSKGVVQAGVTPSK,0,74.5,0,0,0,0,0,0,0,0,0,0,0,0,0,0,0,0,0,0,0,0,0,0,0,0,0,0
V2,TGGGAGGGCAAGTCAAACACGGGCGCCCCAGCAGGAACTCCCAGCAAG,WEGKSNTGAPAGTPSK,0,0,3168.5,0,127,0,0,0,0,0,3139.5,150,661,0,3297,2745.5,0,0,0,0,0,0,0,0,0,0,0,94.5
V2,TGGGAGGGCAAGTCAAACACGGGCGTCGTCCAAGCAGGAACTCCCAGCAAG,WEGKSNTGVVQAGTPSK,0,0,0,2287,669,0,0,0,0,0,0,0,0,0,0,0,0,0,0,0,0,0,0,0,0,0,0,0
V2,TGGGAGGGCAAACCAAACGGCAACGTCCCAGCAGGAGTAACCCCCAGCAAG,WEGKPNGNVPAGVTPSK,0,0,0,0,94,0,28,0,0,0,0,0,0,0,0,152.5,0,0,0,0,0,0,0,3265,0,0,1367,0
V2,TGGGAGGGCAAAGACAGTCAGGGCAACGTCCCAGCAGGAACTCCCAGCAAG,WEGKDSQGNVPAGTPSK,0,0,0,0,23.5,0,0,0,0,0,0,0,0,0,0,0,0,0,0,0,0,0,0,0,0,0,0,0
V2,TGGGAGGGCAAAGACAGCAAGGGCGTCGTCCCAGCAGGAGTAAACCACAGCAAG,WEGKDSKGVVPAGVNHSK,0,0,0,0,0,110,0,0,0,0,0,0,0,0,0,0,0,0,0,0,0,0,0,0,0,0,0,0
V2,TGGGAGGGCAAAGACAGTCAGGGCAAGGCCCCAGCAGGAGCAAACCACAGCAAG,WEGKDSQGKAPAGANHSK,0,0,0,0,0,53.5,890,0,2460.5,0,0,0,0,0,0,0,0,0,0,0,0,0,553,0,0,23.5,0,0
V2,TGGGAGGGCAAGTCAAACACGGGCGCCCCAGCAGCAGGAGCAAACCACAGCAAG,WEGKSNTGAPAAGANHSK,0,0,0,0,0,51,0,0,0,0,0,0,0,0,0,0,0,0,0,0,0,0,0,0,0,90,0,0
V2,TGGGAGGGCAAAGACAGTCAGGGCAAGGCCCGAGCAGGAAGAAACCACAGCAAG,WEGKDSQGKARAGRNHSK,0,0,0,0,0,0,2199.5,0,0,0,0,0,0,0,0,0,0,0,0,0,0,0,0,0,0,0,0,0
V2,TGGGAGGGCAAAGACAGCAAGGGCGTCGTCCAAGCAGGAAGAAACCACAGCAAG,WEGKDSKGVVQAGRNHSK,0,0,0,0,0,0,46.5,0,0,0,0,0,0,0,0,0,0,0,0,0,0,0,0,0,0,0,0,0
V2,TGGGAGGGCAAAGACAGTCAGGGCAAGGCCCCAGCAGGAAGAAACCACAGCAAG,WEGKDSQGKAPAGRNHSK,0,0,0,0,0,0,30,0,0,0,0,0,0,0,0,0,0,0,0,0,0,0,0,0,0,0,0,0
V2,TGGGAGGGCAAACCAAACGGCAACGTCCCAGCAGGAGTAACCCACAGCAAG,WEGKPNGNVPAGVTHSK,0,0,0,0,0,0,0,1539,0,0,0,0,0,0,0,0,0,0,0,0,0,0,0,0,0,0,0,0
V2,TGGGAGGGCAAAGACAGTCAGGGCAACGTCCCAGCAGGAGTAACCCACAGCAAG,WEGKDSQGNVPAGVTHSK,0,0,0,0,0,0,0,1465,0,0,0,0,0,0,0,0,0,0,0,0,0,0,0,0,0,0,0,0
V2,TGGGAGGGCAAAGACAGTCAGGGCAAGGCCCCAGCAGGAACCCACAGCAAG,WEGKDSQGKAPAGTHSK,0,0,0,0,0,0,0,191.5,0,0,0,0,0,0,0,0,0,0,0,0,0,0,0,0,0,0,0,0
V2,TGGGAGGGCAAAGACAGCAAGGGCGTCGTCCAAGCAGGAGTAACCCACAGCAAG,WEGKDSKGVVQAGVTHSK,0,0,0,0,0,0,0,53.5,0,0,0,0,0,0,0,0,0,0,0,0,0,0,0,0,0,0,0,0
V2,TGGGAGGGCAAAGACAGTCAGGGCAAGGCCCCAGCAGGAGTAACCCACAGCAAG,WEGKDSQGKAPAGVTHSK,0,0,0,0,0,0,0,34.5,0,0,0,0,0,0,0,0,0,0,0,0,0,0,0,0,0,0,0,0
V2,TGGGAGGGCAAACCAAACGGCAACGTCCCAGCAGGAGCAAACCACAGCAAG,WEGKPNGNVPAGANHSK,0,0,0,0,0,0,0,0,72.5,0,0,0,0,0,0,0,0,0,0,0,0,0,2614,0,0,0,0,0
V2,TGGGAGGGCAAACCAAACGGCAAGGCCCCAGCAGGAACTCCCAGCAAG,WEGKPNGKAPAGTPSK,0,0,0,0,0,0,0,0,0,207,0,0,0,0,0,0,0,0,0,0,0,0,0,0,0,0,0,47
V2,TGGGAGGGCAAAGACAGTCAGGGCAAGGCCCCAGCAGGAGTAACTCCCAGCAAG,WEGKDSQGKAPAGVTPSK,0,0,0,0,0,0,0,0,0,0,0,0,0,0,0,0,3297,0,0,0,0,0,0,0,0,0,0,0
V2,TGGGAGGGCAAACCAAACGGCAACGTCCCAGCAGGAGTAACTCCCAGCAAG,WEGKPNGNVPAGVTPSK,0,0,0,0,0,0,0,0,0,0,0,0,0,0,0,0,0,3244.5,3094,2698.5,2570,2844.5,0,0,0,0,0,0
V2,TGGGAGGGCAACCCAAACGGCAACGTCCCAGCAGGAGTAACTCCCAGCAAG,WEGNPNGNVPAGVTPSK,0,0,0,0,0,0,0,0,0,0,0,0,0,0,0,0,0,94.5,52.5,0,0,33.5,0,0,0,0,0,0
V2,TGGGAGGGCAAGTCAAACACGGGCGCCCCAGCAGGAGTAACTCCCAGCAAG,WEGKSNTGAPAGVTPSK,0,0,0,0,0,0,0,0,0,0,0,0,0,0,0,0,0,0,248,0,0,0,0,0,0,0,0,0
V2,TGGGAGGGCAAGTCAAACACGGGCGCCCCAGCAGCAGGAGTAACTCCCAGCAAG,WEGKSNTGAPAAGVTPSK,0,0,0,0,0,0,0,0,0,0,0,0,0,0,0,0,0,0,0,0,0,444,0,0,0,0,0,0
V2,TGGGAGGGCAAGTCAAACACGGGCGCCCCAGCAGGAGCAAACCACAGCAAG,WEGKSNTGAPAGANHSK,0,0,0,0,0,0,0,0,0,0,0,0,0,0,0,0,0,0,0,0,0,0,73,0,0,0,0,0
V2,TGGGAGGGCAAGTCAAACACGGGCGCCCCAGCAGCAGGAGTAACCCCCAGCAAG,WEGKSNTGAPAAGVTPSK,0,0,0,0,0,0,0,0,0,0,0,0,0,0,0,0,0,0,0,0,0,0,0,27,0,0,0,0
V2,TGGGAGGGCAAGTCAAACACGGGCGCCGCCCCAGCAGGAACCCCCAGCAAG,WEGKSNTGAAPAGTPSK,0,0,0,0,0,0,0,0,0,0,0,0,0,0,0,0,0,0,0,0,0,0,0,0,1552,0,0,0
V2,TGGGAGGGCAAGTCAAACACGGGCGCCCCAGCAGGAACCCCCAGCAAG,WEGKSNTGAPAGTPSK,0,0,0,0,0,0,0,0,0,0,0,0,0,0,0,0,0,0,0,0,0,0,0,0,1522,0,0,0
V2,TGGGAGGGCAAGTCAAACACGGGCGCCCCAGCAGCAGGAACCCCCAGCAAG,WEGKSNTGAPAAGTPSK,0,0,0,0,0,0,0,0,0,0,0,0,0,0,0,0,0,0,0,0,0,0,0,0,36,0,0,0
V2,TGGGAGGGCAAACCAAACGGCAACGTCCCAGCAGGAACCCCCAGCAAG,WEGKPNGNVPAGTPSK,0,0,0,0,0,0,0,0,0,0,0,0,0,0,0,0,0,0,0,0,0,0,0,0,32,0,0,0
V2,TGGGAGGGCAAACCAAACGGCAACGTCCAAGCAGGAGCAAACCACAGCAAG,WEGKPNGNVQAGANHSK,0,0,0,0,0,0,0,0,0,0,0,0,0,0,0,0,0,0,0,0,0,0,0,0,0,25.5,0,0
V2,TGGGAGGGCAAACCAAACGGCAACGTCCCAGCAGCAGGAGTAACTCCCAGCAAG,WEGKPNGNVPAAGVTPSK,0,0,0,0,0,0,0,0,0,0,0,0,0,0,0,0,0,0,0,0,0,0,0,0,0,0,0,942.5
V2,TGGGAGGGCAAGTCAAACACGGGCGCCGCCCCAGCAGGAACTCCCAGCAAG,WEGKSNTGAAPAGTPSK,0,0,0,0,0,0,0,0,0,0,0,0,0,0,0,0,0,0,0,0,0,0,0,0,0,0,0,925
V3,ACGCTTTCTGGCGGCTATGCCCAACCCCCAGCCAACATCTTATGGGAT,TLSGGYAQPPANILWD,3077,0,0,0,0,0,0,0,0,0,0,0,0,3221.5,0,0,0,0,0,0,0,0,0,0,0,0,0,0
V3,ACGCTTTCTGGCGACTATGCCCGAGCCCCAGCCAACATCTTATGGGAT,TLSGDYARAPANILWD,92,0,0,34,146,0,2330,0,0,0,0,0,0,0,0,0,0,0,0,0,0,0,0,0,0,0,0,0
V3,ACGCTTTCTGGCGGCTATGCCACAGCCCGAGCCGGAGCCAACATCTTATGGGAT,TLSGGYATARAGANILWD,53.5,0,0,0,0,0,0,0,0,0,0,0,0,0,0,0,0,0,0,0,0,0,0,0,0,0,0,0
V3,ACGCTTTCTGGCGGCTATGCCCAAGCAGCCCCAGCCCCAGCCAATGACATCTTATGGGAT,TLSGGYAQAAPAPANDILWD,0,3127.5,0,0,0,0,0,0,0,0,0,0,0,0,0,0,0,0,0,0,0,0,0,0,0,0,0,0
V3,ACGCTTTCTGGCGACTATGCCCAAGCAGCCGCAGCCCCAGCCAACAACGCCATCTTATGGGAT,TLSGDYAQAAAAPANNAILWD,0,0,2323.5,0,0,0,0,0,0,0,0,0,0,0,0,0,0,0,0,0,0,0,0,0,0,0,0,0
V3,ACGCTTTCTGGCGACTATGCCCGAGCCGCAGCCCCAGCCAACAACGCCATCTTATGGGAT,TLSGDYARAAAPANNAILWD,0,0,706.5,0,0,0,0,0,0,0,0,0,0,0,0,0,0,0,0,0,0,0,0,0,0,0,74.5,0
V3,ACGCTTTCTGGCGACTATGCCCGAGCCGCAGCCGCAGCCCCAGCCAACAACGCCATCTTATGGGAT,TLSGDYARAAAAAPANNAILWD,0,0,216.5,0,0,0,0,0,0,0,0,0,0,0,0,0,0,0,0,0,0,0,0,0,0,0,0,0
V3,ACGCTTTCTGGCGACTATGCCCAAGCAGCCGCAGCCCCAGCCAACATCTTATGGGAT,TLSGDYAQAAAAPANILWD,0,0,49.5,0,0,0,0,0,0,0,0,0,0,0,0,0,0,0,0,0,0,0,0,0,0,0,0,0
V3,ACGCTTTCTGGCGACTATGCCCCAGCCCCAGCCAACAACGCCATCTTATGGGAT,TLSGDYAPAPANNAILWD,0,0,0,1010,216,0,0,26.5,0,2927.5,0,0,0,0,0,0,0,0,0,0,0,0,0,0,0,0,0,0
V3,ACGCTTTCTGGCGACTATGCCCAACCCCCAGCCAACATCTTATGGGAT,TLSGDYAQPPANILWD,0,0,0,820.5,0,0,0,0,3275.5,0,0,0,0,102.5,0,0,0,0,0,0,0,0,0,0,0,0,0,0
V3,ACGCTTTCTGGCGACTATGCCCAACCCCCAGCCAACAACGCCATCTTATGGGAT,TLSGDYAQPPANNAILWD,0,0,0,221,0,0,0,0,0,0,0,0,0,0,0,0,0,0,0,0,0,0,0,0,0,0,0,0
V3,ACGCTTTCTGGCGACTATGCCCGAGCCGCAGCCAACATCTTATGGGAT,TLSGDYARAAANILWD,0,0,0,152,0,0,0,0,0,0,0,0,0,0,0,0,0,0,0,0,0,0,0,0,0,0,0,0
V3,ACGCTTTCTGGCGACTATGCCCCAGCCCCAGCCAACATCTTATGGGAT,TLSGDYAPAPANILWD,0,0,0,147,1025.5,0,0,0,0,390.5,0,0,0,0,0,0,0,0,0,0,0,0,0,0,0,0,0,0
V3,ACGCTTTCTGGCGACTATGCCCAAGCAGCCAACATCTTATGGGAT,TLSGDYAQAANILWD,0,0,0,146,0,0,0,0,0,0,0,0,0,0,0,0,0,0,0,0,0,0,0,0,0,0,0,0
V3,ACGCTTTCTGGCGGCTATGCCCAAGCAGCCAACATCTTATGGGAT,TLSGGYAQAANILWD,0,0,0,130.5,0,0,0,0,0,0,0,0,0,0,0,0,0,0,0,0,0,0,0,0,0,0,0,0
V3,ACGCTTTCTGGCGACTATGCCCCAGCCGCAGCCAACATCTTATGGGAT,TLSGDYAPAAANILWD,0,0,0,91.5,65,0,0,0,0,0,0,0,0,0,0,0,0,0,0,0,0,0,0,0,0,0,0,0
V3,ACACTGTCTAGCGGCTATGCCCAAGCAGCCAACATCTTATGGGAT,TLSSGYAQAANILWD,0,0,0,71,0,0,0,0,0,0,0,0,0,0,0,0,0,0,0,0,0,0,0,0,0,0,0,0
V3,ACGCTTTCTGGCGGCTATGCCACAGCCCCAGCCAACATCTTATGGGAT,TLSGGYATAPANILWD,0,0,0,69,0,0,0,0,0,0,0,0,0,0,0,0,0,0,0,0,0,0,0,0,0,0,0,0
V3,ACACTGTCTAGCGGCTATGCCCAACCCCCAGCCAACATCTTATGGGAT,TLSSGYAQPPANILWD,0,0,0,64,0,0,0,0,0,0,0,0,0,0,0,0,0,0,0,0,0,0,0,0,0,0,0,0
V3,ACGCTTTCTGGCGGCTATGCCACAGCCCGAGCCCCAGCCAACATCTTATGGGAT,TLSGGYATARAPANILWD,0,0,0,31.5,0,0,0,0,0,0,0,0,0,0,0,0,0,0,0,0,0,0,0,0,0,0,0,0
V3,ACGCTTTCTGGCGACTATGCCCAAGCAGCCGGAGCCCCAGCCAACATCTTATGGGAT,TLSGDYAQAAGAPANILWD,0,0,0,0,568.5,0,0,0,0,0,55,0,0,0,0,0,0,0,0,0,0,0,0,0,0,0,0,0
V3,ACGCTTTCTAGCGGCTATGCCCAAGCAGCCGGAGCCCCAGCCAACATCTTATGGGAT,TLSSGYAQAAGAPANILWD,0,0,0,0,361,0,0,0,0,0,0,0,0,0,0,0,0,0,0,0,0,0,0,0,0,0,0,0
V3,ACGCTTTCTGGCGACTATGCCACAGCCCGAGCCGGAGCCAACATCTTATGGGAT,TLSGDYATARAGANILWD,0,0,0,0,333,0,0,0,0,0,0,0,0,0,0,0,0,0,0,0,0,0,0,0,0,0,0,0
V3,ACGCTTTCTGGCGACTATGCCCCAGCCCCAGCCAATGACATCTTATGGGAT,TLSGDYAPAPANDILWD,0,0,0,0,219.5,0,0,0,0,0,0,0,0,0,0,0,0,0,0,0,0,0,0,0,0,0,0,0
V3,ACGCTTTCTGGCGACTATGCCCCAGCCCAACCCCCAGCCAACATCTTATGGGAT,TLSGDYAPAQPPANILWD,0,0,0,0,150.5,0,0,0,0,0,0,0,0,0,180.5,55.5,0,0,0,0,0,0,0,0,0,0,0,0
V3,ACGCTTTCTGGCGGCTATGCCCAAGCAGCCCCAGCCAACATCTTATGGGAT,TLSGGYAQAAPANILWD,0,0,0,0,50.5,0,0,0,0,0,0,0,0,0,0,0,0,0,0,0,0,0,0,0,0,0,0,0
V3,ACACTGTCTAGCGGCTATGCCCAAGCAGCCGCAGTCAACAACGACATCTTATGGGAT,TLSSGYAQAAAVNNDILWD,0,0,0,0,0,2628,0,0,0,0,0,0,0,0,0,0,0,0,0,0,0,0,0,0,0,0,0,0
V3,ACACTGTCTAGCGGCTATGCCCAAGCAGCCGGGGCTGGAGTCGACATCTTATGGGAT,TLSSGYAQAAGAGVDILWD,0,0,0,0,0,395,0,0,0,0,0,0,0,0,0,0,0,0,0,0,0,0,0,0,0,0,0,0
V3,ACACTGTCTAGCGGCTATGCCACAGCCCGAGCCGCAGTCAACAACGACATCTTATGGGAT,TLSSGYATARAAVNNDILWD,0,0,0,0,0,107,0,0,0,0,0,0,0,0,0,0,0,0,0,0,0,0,0,0,0,0,0,0
V3,ACACTGTCTAGCGGCTATGCCCAAGCAGCCGGAGCCGCAGTCAACAACGACATCTTATGGGAT,TLSSGYAQAAGAAVNNDILWD,0,0,0,0,0,50,0,0,0,0,0,0,0,0,0,0,0,0,0,0,0,0,0,0,0,0,0,0
V3,ACGCTTTCTGGCGACTATGCCCAACCCCCAGCCAATGACATCTTATGGGAT,TLSGDYAQPPANDILWD,0,0,0,0,0,0,927.5,0,0,0,0,0,0,0,0,0,0,0,0,0,0,0,0,0,0,0,0,0
V3,ACGCTTTCTGGCGACTATGCCCGAGCCCAACTCCCAGCCGTAGCCCCAGCCAACATCTTATGGGAT,TLSGDYARAQLPAVAPANILWD,0,0,0,0,0,0,34,0,0,0,0,0,0,0,0,0,0,0,0,0,0,0,0,0,0,0,0,0
V3,ACGCTTTCTGGCGACTATGCCCGAGCCGGAGCCAACATCTTATGGGAT,TLSGDYARAGANILWD,0,0,0,0,0,0,25.5,0,0,0,0,0,0,0,0,0,0,0,0,0,0,0,0,0,0,0,0,0
V3,ACGCTTTCTGGCGACTATGCCCGAGCCCCAGCCAACAACGCCATCTTATGGGAT,TLSGDYARAPANNAILWD,0,0,0,0,0,0,0,3058,0,0,0,0,0,0,0,0,0,0,0,0,0,0,0,0,0,0,0,0
V3,ACGCTTTCTGGCGGCTATGCCACAGCCCCAGCCAACAACGCCATCTTATGGGAT,TLSGGYATAPANNAILWD,0,0,0,0,0,0,0,216.5,0,0,0,0,0,0,0,0,0,0,0,0,0,0,0,0,0,0,0,0
V3,ACGCTTTCTGGCGACTATGCCCGAGCCGGAGCCAACAACGCCATCTTATGGGAT,TLSGDYARAGANNAILWD,0,0,0,0,0,0,0,45,0,0,0,0,0,0,0,0,0,0,0,0,0,0,0,0,0,0,0,0
V3,ACGCTTTCTGGCGACTATGCCCAAGCAGCCGGAGCCCCAGCCAACAACGCCATCTTATGGGAT,TLSGDYAQAAGAPANNAILWD,0,0,0,0,0,0,0,0,0,0,3060,0,0,0,0,0,0,0,0,0,0,0,0,0,0,0,0,0
V3,ACGCTTTCTGGCGACTATGCCCGAGCCGCAGTCAACAACGCCATCTTATGGGAT,TLSGDYARAAVNNAILWD,0,0,0,0,0,0,0,0,0,0,0,3366.5,2769.5,0,0,0,0,0,0,0,0,0,0,0,0,0,0,0
V3,ACGCTTTCTGGCGACTATGCCCCAGCCCCAGCCCCAGCCCCAGCCAACAACGCCATCTTATGGGAT,TLSGDYAPAPAPAPANNAILWD,0,0,0,0,0,0,0,0,0,0,0,0,0,0,1318,1900.5,0,0,0,0,0,0,0,0,0,0,0,0
V3,ACGCTTTCTAGCGGCTATGCCCAAGCAGCCGCAGCCGCAGTCAACAACGACATCTTATGGGAT,TLSSGYAQAAAAAVNNDILWD,0,0,0,0,0,0,0,0,0,0,0,0,0,0,747,0,0,0,0,0,0,0,0,0,0,0,0,0
V3,ACACTGTCTAGCGGCTATGCCCAAGCAGCCGGAGCCGCAGCCGGAGTCCCAGCCCTACCCGGAGCCCCAGCCAACAACGCCATCTTATGGGAT,TLSSGYAQAAGAAAGVPALPGAPANNAILWD,0,0,0,0,0,0,0,0,0,0,0,0,0,0,524,623.5,0,0,0,0,0,0,0,0,0,0,0,0
V3,ACGCTTTCTGGCGACTATGCCCCAGCCCCAGCCCCAGCCGCAGCCGACGCCATCTTATGGGAT,TLSGDYAPAPAPAAADAILWD,0,0,0,0,0,0,0,0,0,0,0,0,0,0,219,0,0,0,0,0,0,0,0,0,0,0,0,0
V3,ACACTGTCTAGCGGCTATGCCACAGCCCGAGCCGTAGCCCCAGCCAATGACATCTTATGGGAT,TLSSGYATARAVAPANDILWD,0,0,0,0,0,0,0,0,0,0,0,0,0,0,43.5,0,0,0,0,0,0,0,0,0,0,0,0,0
V3,ACGCTTTCTGGCGACTATGCCCCAGCCCCAGCCCCAGCCCCAGCCAACATCTTATGGGAT,TLSGDYAPAPAPAPANILWD,0,0,0,0,0,0,0,0,0,0,0,0,0,0,35.5,0,0,0,0,0,0,0,0,0,0,0,0,0
V3,ACGCTTTCTGGCGACTATGCCCCAGCCCCAGCCGCAGCCGCAGTCAACAACGACATCTTATGGGAT,TLSGDYAPAPAAAAVNNDILWD,0,0,0,0,0,0,0,0,0,0,0,0,0,0,0,205.5,0,0,0,0,0,0,0,0,0,0,0,0
V3,ACGCTTTCTGGCGACTATGCCCGAGCCGCAGCCCCAGCCCCAGCCAACAACGCCATCTTATGGGAT,TLSGDYARAAAPAPANNAILWD,0,0,0,0,0,0,0,0,0,0,0,0,0,0,0,82,0,0,0,0,0,0,0,0,0,0,0,0
V3,ACGCTTTCTGGCGACTATGCCCCAGCCCCAGCCCAACCCCCAGCCAACATCTTATGGGAT,TLSGDYAPAPAQPPANILWD,0,0,0,0,0,0,0,0,0,0,0,0,0,0,0,35.5,0,0,0,0,0,0,0,0,0,0,0,0
V3,ACGCTTTCTGGCGACTATGCCCGAGCCGCAGCCGGAGCCGCAGCCGACGACATCTTATGGGAT,TLSGDYARAAAGAAADDILWD,0,0,0,0,0,0,0,0,0,0,0,0,0,0,0,0,3177.5,0,0,0,0,0,0,0,0,0,0,0
V3,ACGCTTTCTGGCGACTATGCCCGAGCCACAGCCGGAGCCGCAGCCGACGACATCTTATGGGAT,TLSGDYARATAGAAADDILWD,0,0,0,0,0,0,0,0,0,0,0,0,0,0,0,0,27,0,0,0,0,0,0,0,0,0,0,0
V3,ACGCTTTCTGGCGGCTATGCCACAGCCCGAGCCGTAGCCCCAGCCAATGACATCTTATGGGAT,TLSGGYATARAVAPANDILWD,0,0,0,0,0,0,0,0,0,0,0,0,0,0,0,0,0,3290,2511.5,0,0,0,0,0,0,0,0,0
V3,ACGCTTTCTGGCGGCTATGCCACAGCCCGAGCCGCAGCCGCAGTCAACAACGACATCTTATGGGAT,TLSGGYATARAAAAVNNDILWD,0,0,0,0,0,0,0,0,0,0,0,0,0,0,0,0,0,29,0,0,0,0,0,0,0,0,0,0
V3,ACGCTTTCTGGCGGCTATGCCACAGCCCCAGCCGTAGCCCCAGCCAATGACATCTTATGGGAT,TLSGGYATAPAVAPANDILWD,0,0,0,0,0,0,0,0,0,0,0,0,0,0,0,0,0,0,485,0,0,0,0,0,0,0,0,0
V3,ACACTGTCTAGCGGCTATGCCCAAGCAGCCGCAGCCGCAGCCGCAGTCAACAACGACATCTTATGGGAT,TLSSGYAQAAAAAAAVNNDILWD,0,0,0,0,0,0,0,0,0,0,0,0,0,0,0,0,0,0,196,0,0,0,0,0,0,0,0,0
V3,ACGCTTTCTGGCGACTATGCCCGAGCCGTAGCCCCAGCCAATGACATCTTATGGGAT,TLSGDYARAVAPANDILWD,0,0,0,0,0,0,0,0,0,0,0,0,0,0,0,0,0,0,115,0,0,0,0,0,0,0,0,0
V3,ACACTGTCTAGCGGCTATGCCCAAGCAGCCGACGACATCTTATGGGAT,TLSSGYAQAADDILWD,0,0,0,0,0,0,0,0,0,0,0,0,0,0,0,0,0,0,0,1376.5,0,79.5,0,0,0,30,0,0
V3,ACGCTTTCTGGCGGCTATGCCCCAGCCGCAGCCGACGACATCTTATGGGAT,TLSGGYAPAAADDILWD,0,0,0,0,0,0,0,0,0,0,0,0,0,0,0,0,0,0,0,582,0,0,0,0,0,0,0,0
V3,ACGCTTTCTGGCGACTATGCCCGAGCCGCAGCCGCAGCCGACGACATCTTATGGGAT,TLSGDYARAAAAADDILWD,0,0,0,0,0,0,0,0,0,0,0,0,0,0,0,0,0,0,0,333.5,0,0,0,0,0,0,0,0
V3,ACACTGTCTAGCGGCTATGCCCAAGCAGCCGCAGCCGACGACATCTTATGGGAT,TLSSGYAQAAAADDILWD,0,0,0,0,0,0,0,0,0,0,0,0,0,0,0,0,0,0,0,223,0,0,0,0,0,0,48.5,0
V3,ACGCTTTCTGGCGGCTATGCCACAGCCCGAGCCGCAGCCGACGACATCTTATGGGAT,TLSGGYATARAAADDILWD,0,0,0,0,0,0,0,0,0,0,0,0,0,0,0,0,0,0,0,0,2482,0,0,0,0,0,0,0
V3,ACGCTTTCTGGCGGCTATGCCACAGCCCGAGCCCCAGCCAATGACATCTTATGGGAT,TLSGGYATARAPANDILWD,0,0,0,0,0,0,0,0,0,0,0,0,0,0,0,0,0,0,0,0,335,0,0,0,0,0,0,0
V3,ACGCTTTCTGGCGGCTATGCCCAAGCAGCCGGAGCCGCAGCCGACGACATCTTATGGGAT,TLSGGYAQAAGAAADDILWD,0,0,0,0,0,0,0,0,0,0,0,0,0,0,0,0,0,0,0,0,132.5,0,0,0,0,0,0,0
V3,ACGCTTTCTGGCGGCTATGCCCGAGCCGCAGCCGACGACATCTTATGGGAT,TLSGGYARAAADDILWD,0,0,0,0,0,0,0,0,0,0,0,0,0,0,0,0,0,0,0,0,0,3075.5,0,0,0,0,0,0
V3,ACGCTTTCTGGCGGCTATGCCCAAGCAGCCGACGACATCTTATGGGAT,TLSGGYAQAADDILWD,0,0,0,0,0,0,0,0,0,0,0,0,0,0,0,0,0,0,0,0,0,23.5,0,0,0,0,0,0
V3,ACACTGTCTAGCGGCTATGCCGCAGCCGCAGCCGCAGTCAACAACGACATCTTATGGGAT,TLSSGYAAAAAAVNNDILWD,0,0,0,0,0,0,0,0,0,0,0,0,0,0,0,0,0,0,0,0,0,0,3179,0,0,0,0,0
V3,ACACTGTCTAGCGGCTATGCCCAAGCAGCCGCAGCCGCAGTCAACAACGACATCTTATGGGAT,TLSSGYAQAAAAAVNNDILWD,0,0,0,0,0,0,0,0,0,0,0,0,0,0,0,0,0,0,0,0,0,0,77,0,0,0,109.5,0
V3,ACACTGTCTAGCGGCTATGCCCAAGCAGCCGGAGCCCCAGCCAATGACATCTTATGGGAT,TLSSGYAQAAGAPANDILWD,0,0,0,0,0,0,0,0,0,0,0,0,0,0,0,0,0,0,0,0,0,0,0,3237.5,0,0,0,0
V3,ACACTGTCTAGCGGCTATGCCACAGCCGCAGCCGGAGCCCCAGCCAACAACGACATCTTATGGGAT,TLSSGYATAAAGAPANNDILWD,0,0,0,0,0,0,0,0,0,0,0,0,0,0,0,0,0,0,0,0,0,0,0,0,1408.5,0,0,0
V3,ACACTGTCTAGCGGCTATGCCCAAGCAGCCGGAGCCGCAGCCGGAGCCCCAGCCAACATCTTATGGGAT,TLSSGYAQAAGAAAGAPANILWD,0,0,0,0,0,0,0,0,0,0,0,0,0,0,0,0,0,0,0,0,0,0,0,0,356.5,0,0,0
V3,ACACTGTCTAGCGGCTATGCCCAAGCAGCCGGAGCCGCAGCCGGAGCCCCAGCCAATGACATCTTATGGGAT,TLSSGYAQAAGAAAGAPANDILWD,0,0,0,0,0,0,0,0,0,0,0,0,0,0,0,0,0,0,0,0,0,0,0,0,273.5,0,0,0
V3,ACACTGTCTAGCGGCTATGCCCAAGCCCGAGCCCTGGCACCCGGAGCCCCAGCCAACAACGACATCTTATGGGAT,TLSSGYAQARALAPGAPANNDILWD,0,0,0,0,0,0,0,0,0,0,0,0,0,0,0,0,0,0,0,0,0,0,0,0,264,0,0,0
V3,ACACTGTCTAGCGGCTATGCCCAAGCAGCCGGAGCCCCAGCCCAACCCCCAGCCAACAACGACATCTTATGGGAT,TLSSGYAQAAGAPAQPPANNDILWD,0,0,0,0,0,0,0,0,0,0,0,0,0,0,0,0,0,0,0,0,0,0,0,0,211,0,0,0
V3,ACACTGTCTAGCGGCTATGCCCAAGCAGCCGGAGCCCCAGCCAACAACGACATCTTATGGGAT,TLSSGYAQAAGAPANNDILWD,0,0,0,0,0,0,0,0,0,0,0,0,0,0,0,0,0,0,0,0,0,0,0,0,160.5,0,0,0
V3,ACACTGTCTAGCGGCTATGCCCAAGCAGCCCGAGCCCGAGCCGGAGCCCCAGCCAATGACATCTTATGGGAT,TLSSGYAQAARARAGAPANDILWD,0,0,0,0,0,0,0,0,0,0,0,0,0,0,0,0,0,0,0,0,0,0,0,0,78.5,0,0,0
V3,ACACTGTCTAGCGGCTATGCCCAAGCAGCCGTACCCCCAGCCGGAGCCCCAGCCAACAACGACATCTTATGGGAT,TLSSGYAQAAVPPAGAPANNDILWD,0,0,0,0,0,0,0,0,0,0,0,0,0,0,0,0,0,0,0,0,0,0,0,0,63.5,0,0,0
V3,ACACTGTCTAGCGGCTATGCCACAGCCCGAGCCGGAGCCGCAGCCGGAGCCCCAGCCAACAACGACATCTTATGGGAT,TLSSGYATARAGAAAGAPANNDILWD,0,0,0,0,0,0,0,0,0,0,0,0,0,0,0,0,0,0,0,0,0,0,0,0,62.5,0,0,0
V3,ACACTGTCTAGCGGCTATGCCCAAGCAGCCGGAGCCCCAGCCCAACCCCCAGCCAACATCTTATGGGAT,TLSSGYAQAAGAPAQPPANILWD,0,0,0,0,0,0,0,0,0,0,0,0,0,0,0,0,0,0,0,0,0,0,0,0,55,0,0,0
V3,ACACTGTCTAGCGGCTATGCCACAGCCCGAGCCCGACCCCCAGCCCCAGCCAACAACGACATCTTATGGGAT,TLSSGYATARARPPAPANNDILWD,0,0,0,0,0,0,0,0,0,0,0,0,0,0,0,0,0,0,0,0,0,0,0,0,44,0,0,0
V3,ACACTGTCTAGCGGCTATGCCCAAGCAGCCCGAGCCCTACCCGCAGCCGCAGTCAACAACGACATCTTATGGGAT,TLSSGYAQAARALPAAAVNNDILWD,0,0,0,0,0,0,0,0,0,0,0,0,0,0,0,0,0,0,0,0,0,0,0,0,31.5,0,0,0
V3,ACACTGTCTAGCGGCTATGCCCAAGCAGCCGGAGCCGCAGCCGGAGCCCCAGCCAACAACGACATCTTATGGGAT,TLSSGYAQAAGAAAGAPANNDILWD,0,0,0,0,0,0,0,0,0,0,0,0,0,0,0,0,0,0,0,0,0,0,0,0,24,0,0,0
V3,ACACTGTCTAGCGGCTATGCCACAGCCGGAGCCGCAGCCGGAGCCCCAGCCAACATCTTATGGGAT,TLSSGYATAGAAAGAPANILWD,0,0,0,0,0,0,0,0,0,0,0,0,0,0,0,0,0,0,0,0,0,0,0,0,20,0,0,0
V3,ACACTGTCTAGCGGCTATGCCCAAGCAGCCGACATCTTATGGGAT,TLSSGYAQAADILWD,0,0,0,0,0,0,0,0,0,0,0,0,0,0,0,0,0,0,0,0,0,0,0,0,0,3044,0,0
V3,ACACTGTCTAGCGGCTATGCCACAGCCCGAGCCGGAGCCGACATCTTATGGGAT,TLSSGYATARAGADILWD,0,0,0,0,0,0,0,0,0,0,0,0,0,0,0,0,0,0,0,0,0,0,0,0,0,156.5,0,0
V3,ACACTGTCTAGCGACTATGCCCGAGCCGCAGCCGACATCTTATGGGAT,TLSSDYARAAADILWD,0,0,0,0,0,0,0,0,0,0,0,0,0,0,0,0,0,0,0,0,0,0,0,0,0,74.5,0,0
V3,ACACTGTCTAGCGGCTATGCCGCAGCCCCAGCCAACAACGCCATCTTATGGGAT,TLSSGYAAAPANNAILWD,0,0,0,0,0,0,0,0,0,0,0,0,0,0,0,0,0,0,0,0,0,0,0,0,0,0,1251,0
V3,ACACTGTCTAGCGGCTATGCCCAAGCAGCCGCAGCCCCAGCCAACAACGCCATCTTATGGGAT,TLSSGYAQAAAAPANNAILWD,0,0,0,0,0,0,0,0,0,0,0,0,0,0,0,0,0,0,0,0,0,0,0,0,0,0,318,0
V3,ACACTGTCTAGCGGCTATGCCGCAGCCCCAGCCAACATCTTATGGGAT,TLSSGYAAAPANILWD,0,0,0,0,0,0,0,0,0,0,0,0,0,0,0,0,0,0,0,0,0,0,0,0,0,0,166.5,0
V3,ACACTGTCTAGCGGCTATGCCCAAGCAGCCCCAGCCAACAACGCCATCTTATGGGAT,TLSSGYAQAAPANNAILWD,0,0,0,0,0,0,0,0,0,0,0,0,0,0,0,0,0,0,0,0,0,0,0,0,0,0,165.5,0
V3,ACACTGTCTAGCGGCTATGCCCAAGCAGCCCCAGCCCCAGCCAACAACGCCATCTTATGGGAT,TLSSGYAQAAPAPANNAILWD,0,0,0,0,0,0,0,0,0,0,0,0,0,0,0,0,0,0,0,0,0,0,0,0,0,0,160.5,0
V3,ACACTGTCTAGCGGCTATGCCCAAGCAGCCGCAGCCGACGCCATCTTATGGGAT,TLSSGYAQAAAADAILWD,0,0,0,0,0,0,0,0,0,0,0,0,0,0,0,0,0,0,0,0,0,0,0,0,0,0,102,0
V3,ACACTGTCTAGCGGCTATGCCCAAGCAGCCGCAGCCGCAGTCAACAACGCCATCTTATGGGAT,TLSSGYAQAAAAAVNNAILWD,0,0,0,0,0,0,0,0,0,0,0,0,0,0,0,0,0,0,0,0,0,0,0,0,0,0,87.5,0
V3,ACACTGTCTAGCGGCTATGCCCAAGCAGCCGCAGCCCCAGCCAACATCTTATGGGAT,TLSSGYAQAAAAPANILWD,0,0,0,0,0,0,0,0,0,0,0,0,0,0,0,0,0,0,0,0,0,0,0,0,0,0,75.5,0
V3,ACACTGTCTAGCGGCTATGCCGCAGCCCCAGCCCAACCCCCAGCCAACATCTTATGGGAT,TLSSGYAAAPAQPPANILWD,0,0,0,0,0,0,0,0,0,0,0,0,0,0,0,0,0,0,0,0,0,0,0,0,0,0,68.5,0
V3,ACACTGTCTAGCGGCTATGCCCAAGCAGCCGCAGCCGCAGCCGCAGCCCCAGCCAACAACGCCATCTTATGGGAT,TLSSGYAQAAAAAAAAPANNAILWD,0,0,0,0,0,0,0,0,0,0,0,0,0,0,0,0,0,0,0,0,0,0,0,0,0,0,67,0
V3,ACACTGTCTAGCGGCTATGCCGCAGCCCCAGCCAATGACATCTTATGGGAT,TLSSGYAAAPANDILWD,0,0,0,0,0,0,0,0,0,0,0,0,0,0,0,0,0,0,0,0,0,0,0,0,0,0,49.5,0
V3,ACACTGTCTAGCGGCTATGCCACAGCCCGAGCCGCAGCCCCAGCCAACAACGCCATCTTATGGGAT,TLSSGYATARAAAPANNAILWD,0,0,0,0,0,0,0,0,0,0,0,0,0,0,0,0,0,0,0,0,0,0,0,0,0,0,46.5,0
V3,ACACTGTCTAGCGGCTATGCCCAAGCAGCCGGAGCCGCAGCCCCAGCCAACAACGCCATCTTATGGGAT,TLSSGYAQAAGAAAPANNAILWD,0,0,0,0,0,0,0,0,0,0,0,0,0,0,0,0,0,0,0,0,0,0,0,0,0,0,46,0
V3,ACACTGTCTAGCGGCTATGCCCAAGCAGCCGGAGCCCCAGCCAACAACGCCATCTTATGGGAT,TLSSGYAQAAGAPANNAILWD,0,0,0,0,0,0,0,0,0,0,0,0,0,0,0,0,0,0,0,0,0,0,0,0,0,0,37.5,0
V3,ACACTGTCTAGCGGCTATGCCCAAGCAGCCCAACCCCCAGCCAACAACGCCATCTTATGGGAT,TLSSGYAQAAQPPANNAILWD,0,0,0,0,0,0,0,0,0,0,0,0,0,0,0,0,0,0,0,0,0,0,0,0,0,0,21.5,0
V3,ACGCTTTCTGGCGACTATGCCCGACCCCCAGCCAACATCTTATGGGAT,TLSGDYARPPANILWD,0,0,0,0,0,0,0,0,0,0,0,0,0,0,0,0,0,0,0,0,0,0,0,0,0,0,0,2534.5
V3,ACGCTTTCTGGCGACTATGCCCGACCCCCAGCCCCAGCCAACAACGCCATCTTATGGGAT,TLSGDYARPPAPANNAILWD,0,0,0,0,0,0,0,0,0,0,0,0,0,0,0,0,0,0,0,0,0,0,0,0,0,0,0,851.5
V4,ACAGACGTGGGGCATAAGAAAAACGGAGCGAATGGCGACATAGG,TDVGHKKNGANGDI,3265,0,0,0,305,296.5,40,3157,3245.5,3371.5,3390.5,3356,3260.5,3378.5,0,0,0,36,0,0,0,0,64,3238.5,100.5,3060,2887,2427.5
V4,ACAGACGTGGGGCATAAGAAAGAGAATGCAGCGAATGGCGACATAGG,TDVGHKKENAANGDI,113,0,0,0,0,3038,0,0,0,0,0,0,0,0,0,0,0,0,0,0,0,0,0,0,3179.5,196.5,391.5,0
V4,ACAGACGTGGGGCATAAGAAAGAGAATGCAGCGAACGTCAATGGCACCGTAGG,TDVGHKKENAANVNGTV,0,3348,176,152,0,0,0,0,0,0,0,0,0,0,0,0,0,0,0,0,0,0,34.5,0,0,0,0,885
V4,ACAGACGTGGGGCATAAGAAAGACGGAGCGCAGGGCACCGTAGG,TDVGHKKDGAQGTV,0,0,3127.5,0,0,0,0,0,0,0,0,0,0,0,0,0,0,0,0,0,0,0,0,0,0,0,0,0
V4,ACAGACGTGGGGCATAAGAAAAACGGAGCGCAGGGCACCGTAGG,TDVGHKKNGAQGTV,0,0,0,3194,1818,0,3085,224,0,0,0,0,0,0,0,0,0,0,0,0,0,0,0,146,0,0,22.5,0
V4,ACAGACGTGGGGCATAAGAAAGAGAATGCAGCGAACGTCAAGGGCACCGTAGG,TDVGHKKENAANVKGTV,0,0,0,0,1131.5,0,0,0,0,0,0,0,0,0,0,0,0,0,0,0,0,0,0,0,0,0,0,0
V4,ACAGACGTGGGGCGTAAGAAAGACGGAGCGCAGGGCACCGTAGG,TDVGRKKDGAQGTV,0,0,0,0,48.5,0,0,0,0,0,0,0,0,0,0,0,0,0,0,284,0,0,3221,0,65,110.5,58.5,0
V4,ACAGACGTGGGGCATAAGAAAAACGCAGCTCCCGATGGCATAGG,TDVGHKKNAAPDGI,0,0,0,0,34.5,0,0,0,0,0,0,0,0,0,0,0,0,0,0,0,0,0,0,0,34.5,23,0,0
V4,ACAGACGTGGGGCGTAAGAAAAACGGAGCGCAGGGCACCGTAGG,TDVGRKKNGAQGTV,0,0,0,0,0,0,233,0,0,0,0,0,0,0,0,0,0,0,0,0,0,0,0,0,0,0,0,0
V4,ACAGACGTGGGGCATAAGAAAGAGAATGCAGCGAACGTCAATGGCGACATAGG,TDVGHKKENAANVNGDI,0,0,0,0,0,0,0,0,0,0,0,0,0,0,3363,3344.5,0,0,0,0,0,0,0,0,0,0,0,0
V4,ACAGACGTGGGGCATAAGAAAAACGCAGCTCCCAATGGCATAGG,TDVGHKKNAAPNGI,0,0,0,0,0,0,0,0,0,0,0,0,0,0,0,0,3324.5,0,0,0,0,0,0,0,0,0,0,0
V4,ACAGACGTGGGGCATAAGAAAAACGGAGCGAACGTCAATGGCATAGG,TDVGHKKNGANVNGI,0,0,0,0,0,0,0,0,0,0,0,0,0,0,0,0,0,3193.5,3282,0,0,0,0,0,0,0,0,0
V4,ACAGACGTGGGGCATAAGAAAGAGAATGCAGCGAACGTCAATGGCATAGG,TDVGHKKENAANVNGI,0,0,0,0,0,0,0,0,0,0,0,0,0,0,0,0,0,128.5,128.5,2980,3064,3373,0,0,0,0,0,0
V5,CAGGCCAGCAATGTATTTCAGGGAGTATTTCTCAACATGGCCATGACCGCACACGACTGT,QASNVFQGVFLNMAMTAHDC,1118.5,0,0,0,0,51,0,0,0,0,0,0,0,60,0,0,0,0,0,0,0,0,1023,0,0,26.5,314,0
V5,CAGGCCAGCAATGTATTTCAGGGAGTATTTCTCACCAATAACATGCTGCAGCACGACTGT,QASNVFQGVFLTNNMLQHDC,628.5,0,0,0,0,0,0,0,0,0,0,0,0,0,0,0,0,0,0,0,0,0,44,0,0,0,731.5,0
V5,CAGGCCAGCAATGTATTTCAGGGTGTCTTTCTCACCACACCCATGCAGAAGGACGACTGT,QASNVFQGVFLTTPMQKDDC,455.5,147,0,0,0,245.5,0,0,0,0,0,0,0,1028,0,0,0,0,0,0,0,0,501,0,0,0,220.5,0
V5,AAGGCCAGCAATGTGTTTAAAGACGTCTTTCTCACCAATGCCATGACCGCACACGACTGT,KASNVFKDVFLTNAMTAHDC,225,0,0,0,0,0,0,0,0,0,0,0,0,2004.5,0,0,0,0,0,0,0,0,117.5,0,78.5,0,32.5,0
V5,CAGGCCAGCAATGTATTTCAGGGAGTATTTCTCAACATGGACATGCAGACGCACGACTGT,QASNVFQGVFLNMDMQTHDC,97,0,0,0,0,0,0,0,0,0,0,0,0,0,0,0,0,0,0,0,0,0,0,0,0,0,0,0
V5,AAGGCCAGCAATGTGTTTAAAGACGTCTTTCTCACCAATGCCATGGACATGCAGACGCACGACTGT,KASNVFKDVFLTNAMDMQTHDC,61,133,2936,0,0,0,0,3194,2875.5,0,143,0,0,0,726,345.5,2805,79,0,2305.5,251.5,0,108.5,0,0,0,135,0
V5,CAGGCCAGCAATGTATTCGAGGGAGTATTTCTCAACATGGCCATGACCGCACACGACTGT,QASNVFEGVFLNMAMTAHDC,53.5,0,0,0,0,0,0,0,0,0,0,0,0,0,0,0,0,0,0,0,0,0,48.5,0,0,0,0,0
V5,AAGGCCAGCAATGTATTTCAGGGAGTATTTCTCAACATGGCCATGACCGCACACGACTGT,KASNVFQGVFLNMAMTAHDC,53.5,0,0,0,0,0,0,0,0,0,0,0,0,0,0,0,0,0,0,0,0,0,30.5,0,0,0,0,0
V5,CAGGCCAGCAATGTGTTTAAAGACGTCTTTCTCACCAATGCCATGACCGCACACGACTGT,QASNVFKDVFLTNAMTAHDC,38,0,0,0,0,0,0,0,0,0,0,0,0,0,0,0,0,0,0,0,0,0,124.5,0,0,0,0,0
V5,CAGGCCAGCAATGTATTTCAGGGAGTATTTCTCACCAATAACATGACCGCACACGACTGT,QASNVFQGVFLTNNMTAHDC,36.5,0,0,0,0,0,0,0,0,0,0,0,0,0,0,0,0,0,0,0,0,0,0,0,0,0,0,0
V5,CAGGCCAGCAATGTATTTCAGGGTGTCTTTCTCACCACACCCATGACCGCACACGACTGT,QASNVFQGVFLTTPMTAHDC,26.5,0,0,0,0,0,0,0,0,0,0,0,0,0,0,0,0,0,0,0,0,0,59.5,0,0,0,0,0
V5,CAGGCCAGCAATGTATTTCAGGGTGTCTTTCTCACCACACCCATGACCGCGCACGACTGT,QASNVFQGVFLTTPMTAHDC,0,1349.5,0,0,0,0,0,0,0,0,0,0,0,0,0,0,0,0,0,0,0,0,0,0,0,0,0,0
V5,CAGGCCAGCAATGTATTCGAGGGAGTATTTCTCGCTAGAAACATAGCCATGCGAGAGCACGACTGT,QASNVFEGVFLARNIAMREHDC,0,1293,0,0,0,176.5,0,0,0,0,49.5,0,0,0,0,0,0,0,0,0,0,0,0,0,0,0,0,0
V5,CAGGCCAGCAATGTATTTCAGGGAGTATTTCTCAACATGGCCATGACCGCGCACGACTGT,QASNVFQGVFLNMAMTAHDC,0,88,0,0,0,0,0,0,0,0,0,0,0,0,0,0,0,0,0,0,0,0,0,0,0,0,0,0
V5,AAGGCCAGCAATGTATTCGAGGGAGTATTTCTCGCTAGAAACATAGCCATGCGAGAGCACGACTGT,KASNVFEGVFLARNIAMREHDC,0,80.5,0,0,0,0,0,0,0,0,0,0,0,0,0,0,0,0,0,0,146.5,0,0,0,98,0,0,0
V5,CAGGCCAGCAATGTGTTTAAAGACGTCTTTCTCACCAATGCCATGGACATGCAGACGCACGACTGT,QASNVFKDVFLTNAMDMQTHDC,0,43.5,0,0,0,2149,0,0,0,0,2816,0,0,0,0,0,20.5,0,0,0,0,0,128.5,0,0,0,0,0
V5,CAGGCTAGTAATGTATTTCAGGGTGTCTTTCTCACCGATACCACACCCATGACCGCGCACGACTGT,QASNVFQGVFLTDTTPMTAHDC,0,37.5,0,0,0,0,0,0,0,0,0,0,0,0,0,0,0,0,0,0,0,0,0,0,0,0,0,0
V5,AAGGCCAGCAATGTGTTTAAAGACGTCTTTCTCACCACACCCATGCAGACGCACGACTGT,KASNVFKDVFLTTPMQTHDC,0,0,143,0,0,0,0,32.5,0,128,0,0,0,0,0,0,32.5,0,0,0,0,0,0,0,0,0,0,0
V5,AAGGCCAGCAATGTGTTTAAAGACGTCTTTCTCACCACACCCATGCAGAAGGACGACTGT,KASNVFKDVFLTTPMQKDDC,0,0,0,3232,2819,0,70.5,0,0,0,0,0,0,0,0,0,0,0,0,0,0,0,0,0,114.5,293,0,0
V5,CAGGCCAGCAATGTATTTCAGGGAGTATTTCTCACCACACCCATGCAGAAGGACGACTGT,QASNVFQGVFLTTPMQKDDC,0,0,0,34,26.5,0,0,0,0,0,0,0,0,0,0,0,0,0,0,0,0,0,0,0,44,0,0,1009
V5,AAGGCCAGCAATGTATTTCAGGGTGTCTTTCTCACCACACCCATGCAGAAGGACGACTGT,KASNVFQGVFLTTPMQKDDC,0,0,0,0,113.5,0,891.5,0,0,0,0,0,0,0,0,0,0,0,0,0,0,0,0,0,55,0,0,0
V5,AAGGCCAGCAATGTGTTTAAAGACGTCTTTCTCACCACACCCATGCGAGAGCACGACTGT,KASNVFKDVFLTTPMREHDC,0,0,0,0,60,0,0,0,0,0,0,0,0,0,0,0,0,0,0,0,0,0,0,0,0,0,0,0
V5,CAGGCTAGTAATGTATTTCAGGGTGTCTTTCTCACCACACCCATGCAGAAGGACGACTGT,QASNVFQGVFLTTPMQKDDC,0,0,0,0,0,151,0,0,0,0,0,0,0,0,0,0,0,0,0,0,0,0,0,0,464,0,0,0
V5,CAGGCCAGCAATGTGTTTAAAGACGTCTTTCTCACCACACCCATGCAGACGCACGACTGT,QASNVFKDVFLTTPMQTHDC,0,0,0,0,0,61,0,0,0,2674.5,103.5,0,0,0,0,0,0,0,0,0,0,0,0,0,0,0,0,0
V5,AAGGCCAGCAATGTATTCGAGGGAGTATTTCTCACCACACCCATGCAGAAGGACGACTGT,KASNVFEGVFLTTPMQKDDC,0,0,0,0,0,0,2235,0,0,0,0,0,0,0,0,0,0,0,0,0,0,0,0,0,0,0,0,0
V5,CAGGCTAGTAATGTATTTCAGGGTGTCTTTCTCACCGATACCACACCCATGCAGAAGGACGACTGT,QASNVFQGVFLTDTTPMQKDDC,0,0,0,0,0,0,30,0,0,0,0,0,0,0,0,0,0,0,0,0,0,0,0,0,0,0,0,0
V5,AAGGCCAGCAATGTGTTTAAAGACGTCTTTCTCACCAATGCCATGGACATGCTGCAGCACGACTGT,KASNVFKDVFLTNAMDMLQHDC,0,0,0,0,0,0,0,49.5,0,0,0,0,0,0,0,0,0,29,0,0,0,0,0,0,0,0,0,0
V5,CAGGCCAGCAATGTGTTTAAAGACGTCTTTCTCACCAATGCCATGGACATGCAGAAGGACGACTGT,QASNVFKDVFLTNAMDMQKDDC,0,0,0,0,0,0,0,0,0,0,99.5,0,0,0,0,0,0,0,0,0,0,0,0,0,0,0,0,0
V5,CAGGCTAGTAATGTATTTCAGGGTGTCTTTCTCACCGATACCACACCCATGCGGACGCACGACTGT,QASNVFQGVFLTDTTPMRTHDC,0,0,0,0,0,0,0,0,0,0,24.5,0,0,0,0,0,0,0,0,0,0,0,0,0,0,0,0,0
V5,CAGGCTAGTAATGTATTTCAGGGTGTCTTTCTCACCACACCCATGCAGACGCACGACTGT,QASNVFQGVFLTTPMQTHDC,0,0,0,0,0,0,0,0,0,0,0,3236,3327.5,0,0,0,0,0,0,0,0,0,0,0,164.5,0,0,0
V5,AAGGCCAGCAATGTGTTTAAAGACGTATTTCTCACCAATAACATGCAGACGCACGACTGT,KASNVFKDVFLTNNMQTHDC,0,0,0,0,0,0,0,0,0,0,0,0,0,0,2139.5,2639.5,0,0,0,0,0,0,0,0,0,0,0,0
V5,AAGGCCAGCAATGTGTTTAAAGACGTATTTCTCACCAATAACATGCTGCAGCACGACTGT,KASNVFKDVFLTNNMLQHDC,0,0,0,0,0,0,0,0,0,0,0,0,0,0,340.5,56,0,0,0,0,0,0,0,0,0,0,0,0
V5,AAGGCCAGCAATGTATTCGAGGGAGTATTTCTCACCAATAACATGCAGACGCACGACTGT,KASNVFEGVFLTNNMQTHDC,0,0,0,0,0,0,0,0,0,0,0,0,0,0,0,83,0,0,0,0,0,0,0,0,0,0,0,0
V5,AAGGCCAGCAATGTGTTTAAAGACGTCTTTCTCACCAATAACATGCAGACGCACGACTGT,KASNVFKDVFLTNNMQTHDC,0,0,0,0,0,0,0,0,0,0,0,0,0,0,0,64.5,0,0,0,0,0,0,0,0,0,0,0,0
V5,AAGGCCAGCAATGTATTTCAGGGAGTATTTCTCAACATGCAGACGCACGACTGT,KASNVFQGVFLNMQTHDC,0,0,0,0,0,0,0,0,0,0,0,0,0,0,0,40,0,0,0,0,0,0,0,0,0,0,0,0
V5,CAGGCTAGTAATGTATTTCAGGGTGTCTTTCTCACCGATACCACACCCATGCAGACGCACGACTGT,QASNVFQGVFLTDTTPMQTHDC,0,0,0,0,0,0,0,0,0,0,0,0,0,0,0,31,0,0,0,0,0,0,0,0,0,0,0,0
V5,AAGGCCAGCAATGTATTTCAGGGTGTCTTTCTCACCACACCCATGCAGACGCACGACTGT,KASNVFQGVFLTTPMQTHDC,0,0,0,0,0,0,0,0,0,0,0,0,0,0,0,0,386,0,0,0,0,0,0,0,0,0,0,0
V5,AAGGCCAGCAATGTATTTCAGGGAGTATTTCTCACCAATGCCATGGACATGCAGACGCACGACTGT,KASNVFQGVFLTNAMDMQTHDC,0,0,0,0,0,0,0,0,0,0,0,0,0,0,0,0,23,0,0,0,0,0,0,0,0,0,0,0
V5,AAGGCCAGCAATGTATTCGAGGGAGTATTTCTCACCAATGCCATGGACATGCAGACGCACGACTGT,KASNVFEGVFLTNAMDMQTHDC,0,0,0,0,0,0,0,0,0,0,0,0,0,0,0,0,19.5,0,0,0,0,0,0,0,0,0,0,0
V5,AAGGCCAGCAATGTATTCGGGGGAGTATTTCTCACCAATAACATGCTGCAGCACGACTGT,KASNVFGGVFLTNNMLQHDC,0,0,0,0,0,0,0,0,0,0,0,0,0,0,0,0,0,3048,2601.5,0,1674.5,2733.5,0,0,0,0,676,0
V5,AAGGCCAGCAATGTATTCGAGGGAGTATTTCTCGCTAGAAACATAGCCATGCTGCAGCACGACTGT,KASNVFEGVFLARNIAMLQHDC,0,0,0,0,0,0,0,0,0,0,0,0,0,0,0,0,0,30,0,0,0,0,0,0,0,0,0,0
V5,AAGGCCAGCAATGTATTTCAGGGTGTCTTTCTCACCAATAACATGCTGCAGCACGACTGT,KASNVFQGVFLTNNMLQHDC,0,0,0,0,0,0,0,0,0,0,0,0,0,0,0,0,0,21.5,0,0,0,0,0,0,0,0,0,0
V5,AAGGCCAGCAATGTATTCGGGGGAGTATTTCTCACCACACCCATGCAGAAGGACGACTGT,KASNVFGGVFLTTPMQKDDC,0,0,0,0,0,0,0,0,0,0,0,0,0,0,0,0,0,0,374,0,0,0,0,0,0,0,0,0
V5,AAGGCCAGCAATGTATTTCAGGGAGTATTTCTCAACATGGCCATGACCGCGCACGACTGT,KASNVFQGVFLNMAMTAHDC,0,0,0,0,0,0,0,0,0,0,0,0,0,0,0,0,0,0,208,0,0,0,0,0,0,0,0,0
V5,AAGGCCAGCAATGTATTCGAGGGAGTATTTCTCACCAATAACATGCTGCAGCACGACTGT,KASNVFEGVFLTNNMLQHDC,0,0,0,0,0,0,0,0,0,0,0,0,0,0,0,0,0,0,60.5,0,0,0,0,0,0,0,141.5,0
V5,AAGGCCAGCAATGTATTTCAGGGAGTATTTCTCAACATGGCCATGCTGCAGCACGACTGT,KASNVFQGVFLNMAMLQHDC,0,0,0,0,0,0,0,0,0,0,0,0,0,0,0,0,0,0,33.5,0,0,0,0,0,0,0,0,0
V5,AAGGCCAGCAATGTATTCGGGGGAGTATTTCTCAACATGGCCATGACCGCACACGACTGT,KASNVFGGVFLNMAMTAHDC,0,0,0,0,0,0,0,0,0,0,0,0,0,0,0,0,0,0,0,233,0,0,0,0,0,0,0,0
V5,AAGGCCAGCAATGTATTCGAGGGAGTATTTCTCACCACACCCATGCTGCAGCACGACTGT,KASNVFEGVFLTTPMLQHDC,0,0,0,0,0,0,0,0,0,0,0,0,0,0,0,0,0,0,0,0,657.5,0,0,0,0,0,0,0
V5,CAGGCCAGCAATGTATTCGGGGGAGTATTTCTCACCAATAACATGCTGCAGCACGACTGT,QASNVFGGVFLTNNMLQHDC,0,0,0,0,0,0,0,0,0,0,0,0,0,0,0,0,0,0,0,0,0,472.5,0,0,0,0,0,0
V5,CAGGCCAGCAATGTGTTTAAAGACGTCTTTCTCAACATGGCCATGACCGCACACGACTGT,QASNVFKDVFLNMAMTAHDC,0,0,0,0,0,0,0,0,0,0,0,0,0,0,0,0,0,0,0,0,0,0,522.5,0,0,0,0,0
V5,CAGGCTAGTAATGTATTTCAGGGTGTCTTTCTCAACATGGCCATGACCGCACACGACTGT,QASNVFQGVFLNMAMTAHDC,0,0,0,0,0,0,0,0,0,0,0,0,0,0,0,0,0,0,0,0,0,0,101.5,0,35,0,0,0
V5,CAGGCCAGCAATGTGTTTAAAGACGTCTTTCTCACCACACCCATGCAGAAGGACGACTGT,QASNVFKDVFLTTPMQKDDC,0,0,0,0,0,0,0,0,0,0,0,0,0,0,0,0,0,0,0,0,0,0,79,0,0,0,0,0
V5,AAGGCCAGCAATGTATTCGAGGGAGTATTTCTCAACATGGCCATGACCGCACACGACTGT,KASNVFEGVFLNMAMTAHDC,0,0,0,0,0,0,0,0,0,0,0,0,0,0,0,0,0,0,0,0,0,0,68.5,0,0,0,0,0
V5,CAGGCCAGCAATGTATTTCAGGGTGTCTTTCTCAACATGGCCATGACCGCACACGACTGT,QASNVFQGVFLNMAMTAHDC,0,0,0,0,0,0,0,0,0,0,0,0,0,0,0,0,0,0,0,0,0,0,53,0,0,0,0,0
V5,AAGGCCAGCAATGTATTCGAGGGAGTATTTCTCGCTAGAAACATAGCCATGACCGCACACGACTGT,KASNVFEGVFLARNIAMTAHDC,0,0,0,0,0,0,0,0,0,0,0,0,0,0,0,0,0,0,0,0,0,0,0,3080,19,0,157.5,0
V5,AAGGCCAGCAATGTGTTTAAAGACGTCTTTCTCACCAATGCCATGGACATGCAGAAGGACGACTGT,KASNVFKDVFLTNAMDMQKDDC,0,0,0,0,0,0,0,0,0,0,0,0,0,0,0,0,0,0,0,0,0,0,0,0,1759.5,90,0,0
V5,CAGGCTAGTAATGTATTTCAGGGTGTCTTTCTCACCAATGCCATGGACATGCAGACGCACGACTGT,QASNVFQGVFLTNAMDMQTHDC,0,0,0,0,0,0,0,0,0,0,0,0,0,0,0,0,0,0,0,0,0,0,0,0,213.5,0,0,0
V5,CAGGCTAGCAATGTATTTCAGGGTGTCTTTCTCACCACACCCATGCAGAAGGACGACTGT,QASNVFQGVFLTTPMQKDDC,0,0,0,0,0,0,0,0,0,0,0,0,0,0,0,0,0,0,0,0,0,0,0,0,83.5,0,0,0
V5,AAGGCCAGCAATGTGTTTAAAGACGTCTTTCTCAACATGGCCATGACCGCACACGACTGT,KASNVFKDVFLNMAMTAHDC,0,0,0,0,0,0,0,0,0,0,0,0,0,0,0,0,0,0,0,0,0,0,0,0,73.5,0,0,0
V5,AAGGCCAGCAATGTGTTTAAAGACGTCTTTCTCACCAATGCCACACCCATGCAGAAGGACGACTGT,KASNVFKDVFLTNATPMQKDDC,0,0,0,0,0,0,0,0,0,0,0,0,0,0,0,0,0,0,0,0,0,0,0,0,0,2699.5,0,0
V5,AAGGCCAGCAATGTATTTCAGGGAGTATTTCTCACCAATGCCACACCCATGCAGAAGGACGACTGT,KASNVFQGVFLTNATPMQKDDC,0,0,0,0,0,0,0,0,0,0,0,0,0,0,0,0,0,0,0,0,0,0,0,0,0,111.5,0,0
V5,AAGGCCAGCAATGTATTCGAGGGAGTATTTCTCACCAATGCCACACCCATGCAGAAGGACGACTGT,KASNVFEGVFLTNATPMQKDDC,0,0,0,0,0,0,0,0,0,0,0,0,0,0,0,0,0,0,0,0,0,0,0,0,0,54.5,0,0
V5,AAGGCCAGCAATGTATTTCAGGGTGTCTTTCTCACCACACCCATGCTGCAGCACGACTGT,KASNVFQGVFLTTPMLQHDC,0,0,0,0,0,0,0,0,0,0,0,0,0,0,0,0,0,0,0,0,0,0,0,0,0,0,96,0
V5,AAGGCCAGCAATGTATTTCAGGGAGTATTTCTCACCAATAACATGCTGCAGCACGACTGT,KASNVFQGVFLTNNMLQHDC,0,0,0,0,0,0,0,0,0,0,0,0,0,0,0,0,0,0,0,0,0,0,0,0,0,0,60,0
V5,CAGGCCAGCAATGTATTTCAGGGAGTATTTCTCAACATAGCCATGACCGCACACGACTGT,QASNVFQGVFLNIAMTAHDC,0,0,0,0,0,0,0,0,0,0,0,0,0,0,0,0,0,0,0,0,0,0,0,0,0,0,52.5,0
V5,AAGGCCAGCAATGTATTCGAGGGAGTATTTCTCGCTAGAAACATGGCCATGACCGCACACGACTGT,KASNVFEGVFLARNMAMTAHDC,0,0,0,0,0,0,0,0,0,0,0,0,0,0,0,0,0,0,0,0,0,0,0,0,0,0,41.5,0
V5,AAGGCCAGCAATGTGTTTAAAGACGTCTTTCTCACCACACCCATGCTGCAGCACGACTGT,KASNVFKDVFLTTPMLQHDC,0,0,0,0,0,0,0,0,0,0,0,0,0,0,0,0,0,0,0,0,0,0,0,0,0,0,40,0
V5,CAGGCTAGTAATGTGTTTAAAGACGTCTTTCTCACCACACCCATGCAGAAGGACGACTGT,QASNVFKDVFLTTPMQKDDC,0,0,0,0,0,0,0,0,0,0,0,0,0,0,0,0,0,0,0,0,0,0,0,0,0,0,0,1220.5
V5,CAGGCTAGTAATGTATTTCAGGGTGTCTTTCTCACCGACACCACACCCATGCAGAAGGACGACTGT,QASNVFQGVFLTDTTPMQKDDC,0,0,0,0,0,0,0,0,0,0,0,0,0,0,0,0,0,0,0,0,0,0,0,0,0,0,0,947.5
V6,CCCGTCCATTGGAAAGCCCCAGCCAATGACATCCAC,PVHWKAPANDIH,3054,0,0,0,0,0,0,0,0,0,0,0,0,3348,0,0,0,0,0,0,0,0,0,0,0,0,0,0
V6,CCCGTCTATTACTTCGCAGCCCCAGCCAATGACATCCAC,PVYYFAAPANDIH,190.5,0,0,0,0,0,0,0,0,0,0,0,0,0,0,0,0,0,0,0,0,0,0,0,0,0,0,0
V6,CCCGTCCATTGGAAAGCCCCAGCCAATGACATCAAC,PVHWKAPANDIN,40.5,0,0,0,0,0,0,0,0,0,0,0,0,0,0,0,0,0,0,0,0,0,0,0,0,0,0,0
V6,CCCGTCCACGCCCAAGCCCCAGCCAATGACATCCAC,PVHAQAPANDIH,29.5,0,0,0,0,0,0,0,0,0,0,0,0,0,0,0,0,0,0,0,0,0,0,0,0,0,0,0
V6,CCCGTCCATTGGAAAGCCCCAGCCCAACCCCCAGCCGACATCCAC,PVHWKAPAQPPADIH,0,2544.5,0,0,0,0,0,0,0,0,0,0,0,0,0,0,0,0,0,0,0,0,0,0,0,0,0,0
V6,CCTGTCCATTACAAAGTCCTAAAAGCCCACGCCCGAGCCCCAGCCGACATCCAC,PVHYKVLKAHARAPADIH,0,166.5,0,0,0,0,35.5,0,0,0,44.5,0,0,0,0,0,0,0,0,0,0,0,45.5,0,0,0,0,0
V6,CCCGTCCACTACACGGTCCTGACCGGACCCCAACCCCCAGCCGACATCCAC,PVHYTVLTGPQPPADIH,0,165,0,0,0,0,0,0,0,0,0,0,0,0,0,0,0,0,0,0,0,0,0,0,0,0,0,0
V6,CCCGTCCATTGGAAAGCCCCAGCCCCAGCCCCAGCCGACATCCAC,PVHWKAPAPAPADIH,0,62.5,0,0,0,0,0,0,0,0,0,0,0,0,0,36,0,0,0,0,0,0,0,0,0,0,0,0
V6,CCCGTCCACGCCCAAGCCCCAGTCCCAGCCATCCAC,PVHAQAPVPAIH,0,61.5,0,0,0,0,0,0,0,0,0,0,0,0,0,0,0,0,0,0,0,0,0,0,0,0,0,0
V6,CCCGTCCACTACACGGTCCTACCCGGAGCCCCAGCCATTTAC,PVHYTVLPGAPAIY,0,0,3087,0,0,0,0,0,0,0,0,0,0,0,0,0,0,0,0,0,0,0,0,0,0,0,0,0
V6,CCCGTCCACTACACGGTCCTACCCGCAGCCCCAGCCATTTAC,PVHYTVLPAAPAIY,0,0,218.5,0,0,0,0,0,0,0,0,0,0,0,0,0,0,0,0,0,0,0,0,0,0,0,0,0
V6,CCCGTCTATTACTTCGCAGCCCGAGCCCAACTCCCAGCCATCTAC,PVYYFAARAQLPAIY,0,0,0,1503.5,47,0,0,0,0,0,0,0,0,0,0,0,0,0,0,0,0,0,42,0,0,0,0,0
V6,CCCGTCTATTACTTCGCAGCCCCAGCCCCAGTCCCAGCCATCTAC,PVYYFAAPAPVPAIY,0,0,0,1044.5,497,0,0,0,0,0,0,0,0,0,0,0,0,0,0,0,0,0,0,0,0,0,0,0
V6,CCCGTCTATTACTTCGCAGCCCCAGCCCCAGCCCCAGCCATCTAC,PVYYFAAPAPAPAIY,0,0,0,331,78,0,0,0,0,0,0,0,0,0,0,0,0,0,0,0,0,0,0,0,0,0,0,0
V6,CCCGTCCATTGGAAAGCCCCAGCCCCAGCCCCAGCCATCTAC,PVHWKAPAPAPAIY,0,0,0,101.5,71.5,0,0,0,0,0,0,0,0,0,0,0,0,0,0,0,0,0,0,0,0,0,0,0
V6,CCCGTCCATTGGAAAGCCCCAGCCCCAGCCCCAGCCCCAGCCCCAGCCATCTAC,PVHWKAPAPAPAPAPAIY,0,0,0,85.5,56,0,0,0,0,0,0,0,0,0,0,0,0,0,0,0,0,0,0,0,0,0,0,0
V6,CCCGTCCATTGGAAAGCCCGAGCCCAACTCCCAGCCATCTAC,PVHWKARAQLPAIY,0,0,0,70,0,0,0,0,0,0,0,0,0,0,0,0,0,0,0,0,0,0,0,0,0,0,0,0
V6,CCCGTCCATTGGAAAGCCCCAGCCCCAGCCCGAGCCCAACTCCCAGCCATCTAC,PVHWKAPAPARAQLPAIY,0,0,0,60,0,0,0,0,0,0,0,0,0,0,0,0,0,0,0,0,0,0,0,0,0,0,0,0
V6,CCCGTCTATTACTTCGCAGCCCCAGCCCAACCCCCAGCCATCTAC,PVYYFAAPAQPPAIY,0,0,0,58.5,116.5,0,0,0,0,0,0,0,0,0,0,0,0,0,0,0,0,0,0,0,0,0,0,0
V6,CCCGTCTATTACTTCGCAGCCCGAGCCCCAGTCCCAGCCATCTAC,PVYYFAARAPVPAIY,0,0,0,0,778,0,0,0,0,0,0,0,0,0,0,0,0,0,0,0,0,0,0,0,0,0,0,0
V6,CCCGTCCATTGGAACGCCTTCACCCAAGCCCGAGCCCAACTCCCAGCCGTAGCCCCAGCCATCTAC,PVHWNAFTQARAQLPAVAPAIY,0,0,0,0,379,0,0,0,0,0,0,0,0,0,0,0,0,0,0,0,0,0,0,0,0,0,0,0
V6,CCCGTCCACTACACGGTCCTGACCGGACCCCCAGCCCAACCCCCAGCCATCTAC,PVHYTVLTGPPAQPPAIY,0,0,0,0,355.5,0,0,0,0,0,0,0,0,0,0,0,0,0,0,0,0,0,0,0,0,0,0,0
V6,CCCGTCCATTGGAAAGCCCCAGCCCAACCCCCAGCCATCTAC,PVHWKAPAQPPAIY,0,0,0,0,158.5,0,0,0,0,0,0,0,0,0,0,0,0,0,0,0,0,0,0,0,0,0,0,0
V6,CCCGTCCACGCCCAAGCCCGAGCCCTGGCAGCCGGAGTCCCAGCCATCTAC,PVHAQARALAAGVPAIY,0,0,0,0,78.5,0,0,0,0,0,0,0,0,0,0,0,0,0,0,0,0,0,0,0,0,0,0,0
V6,CCCGTCCATTGGAAAGCCCCAGTCCCAGCCATCTAC,PVHWKAPVPAIY,0,0,0,0,67.5,0,0,0,0,0,0,0,354,0,0,0,0,0,0,0,0,0,0,0,0,0,0,0
V6,CCCGTCTATTACTTCGCAGCCCGAGCCCAACCCCCAGCCATCTAC,PVYYFAARAQPPAIY,0,0,0,0,42.5,0,0,0,0,0,0,0,0,0,0,0,0,0,0,0,0,0,0,0,0,0,0,0
V6,CCCGTCTATTACTTCGCAGCCCAACCCCCAGTCCCAGCCATCTAC,PVYYFAAQPPVPAIY,0,0,0,0,42.5,0,0,0,0,0,0,0,0,0,0,0,0,0,0,0,0,0,0,0,0,0,0,0
V6,CCCGTCCATTGGAAAGCCCCAGCCCCAGTCCCAGCCATCTAC,PVHWKAPAPVPAIY,0,0,0,0,41.5,0,0,0,0,0,0,0,0,0,0,0,0,0,0,0,0,0,0,0,0,0,0,0
V6,CCCGTCTATTACTTCGCAGCCCGAGCCCAACCCCCAGCCAACATCAAC,PVYYFAARAQPPANIN,0,0,0,0,0,1460,0,0,0,0,0,0,0,0,0,0,0,0,0,0,0,0,0,0,0,0,0,0
V6,CCCGTCCATTGGAAAGCCCCAGCCCAACCCCCAGCCAACATCAAC,PVHWKAPAQPPANIN,0,0,0,0,0,330,0,0,0,0,0,0,0,0,0,0,0,0,0,0,0,0,0,0,0,0,1020.5,0
V6,CCCGTCTATTACTTCCCAGCCCGAGCCCTGGCAGCCGACATCCAC,PVYYFPARALAADIH,0,0,0,0,0,292,0,0,0,0,0,0,0,0,0,0,0,0,0,0,0,0,0,0,0,0,0,0
V6,CCCGTCTATTACTTCGCAGCCCCAGCCCAACCCCCAGCCAACATCAAC,PVYYFAAPAQPPANIN,0,0,0,0,0,244,0,0,0,0,0,0,0,0,0,0,0,0,0,0,0,0,0,0,0,0,0,0
V6,CCCGTCTATTACTTCCCAGCCCACGCCCGAGCCGGAGCCGACATCAAC,PVYYFPAHARAGADIN,0,0,0,0,0,181,0,0,0,0,0,0,0,0,0,0,0,0,0,0,0,0,0,0,0,0,0,0
V6,CCCGTCTATTACTTCCCAGCCCAACCCCCAGCCAACATCAAC,PVYYFPAQPPANIN,0,0,0,0,0,171,0,0,0,0,0,0,0,0,0,0,0,0,0,0,0,0,0,0,0,0,0,0
V6,CCCGTCTATTACTTCGCAGCCCGAGCCCAACCCCCAGCCGACATCAAC,PVYYFAARAQPPADIN,0,0,0,0,0,69.5,0,0,0,0,0,0,0,0,0,0,0,0,0,0,0,0,0,0,0,0,0,0
V6,CCCGTCTATTACTTCGCAGCCCGAGCCCTGCCCGGAGCCCCAGTCCCAGCCATCTAC,PVYYFAARALPGAPVPAIY,0,0,0,0,0,62.5,0,0,0,0,0,0,0,0,0,0,0,0,0,0,0,0,0,0,0,0,0,0
V6,CCCGTCCATTGGAAAGCCCCAGCCCCAGCCCCAGCCATTTAC,PVHWKAPAPAPAIY,0,0,0,0,0,0,1121,0,0,0,0,0,0,0,0,0,0,0,0,0,0,0,0,0,0,0,0,0
V6,CCCGTCTATTACTTCGCAGCCCCAGCCCCAGCCCCAGCCCCAGCCATTTAC,PVYYFAAPAPAPAPAIY,0,0,0,0,0,0,1117.5,0,0,0,0,0,0,0,0,0,0,0,0,0,0,0,0,0,0,0,0,0
V6,CCCGTCCATTGGAAAGCCCCAGCCCCAGCCCCAGCCCCAGCCATTTAC,PVHWKAPAPAPAPAIY,0,0,0,0,0,0,645,0,0,0,0,0,0,0,0,0,0,0,0,0,0,0,0,0,0,0,0,0
V6,CCCGTCTATTACTTCGCAGCCCCAGCCCCAGCCCCAGCCATTTAC,PVYYFAAPAPAPAIY,0,0,0,0,0,0,55,0,0,0,0,0,0,0,0,0,0,0,0,0,0,0,0,0,0,0,0,0
V6,CCCGTCTATTACTTCGCAGCCCGAGCCCAACTCCCAGCCGTAGCCCCAGCCATTTAC,PVYYFAARAQLPAVAPAIY,0,0,0,0,0,0,36,0,0,0,0,0,0,0,0,0,0,0,0,0,0,0,0,0,0,0,0,0
V6,CCCGTCCACGCCCAAGCAGCCGGAGCCGCAGCCGCAGTGCCAGCCGCAGCCGACATCCAC,PVHAQAAGAAAAVPAAADIH,0,0,0,0,0,0,0,961.5,0,0,0,0,0,0,0,0,0,0,0,0,0,0,0,0,0,0,0,0
V6,CCCGTCCACGCCCAAGCAGCCGGAGCCGCAGCCGGAGTCCCAGCCCTACCCGGAGTCCCAGCCCTACCCGGAGCCGACATCCAC,PVHAQAAGAAAGVPALPGVPALPGADIH,0,0,0,0,0,0,0,787,0,0,0,0,0,0,0,0,0,0,0,0,0,0,0,0,0,0,0,0
V6,CCCGTCCACGCCCAAGCCCGAGCCCTGGCAGCCGGAGTCCCACCCGGAGCCGACATCCAC,PVHAQARALAAGVPPGADIH,0,0,0,0,0,0,0,581.5,0,0,0,0,0,0,0,0,0,0,0,0,0,0,0,0,0,0,0,0
V6,CCCGTCCATTGGAAAGCCGGAGCCGCAGCCGCAGTGCCAGCCGCAGCCGACATCCAC,PVHWKAGAAAAVPAAADIH,0,0,0,0,0,0,0,259.5,0,0,0,0,0,0,0,0,0,0,0,0,0,0,0,0,0,0,0,0
V6,CCCGTCCACGCCCAAGCAGCCGGAGCCGCAGCCGGAGTCCCAGCCCTACCCGGAGTCCCAGCCCTACCCGGAGCCGACATCAAC,PVHAQAAGAAAGVPALPGVPALPGADIN,0,0,0,0,0,0,0,136,0,0,0,0,0,0,0,0,0,0,0,0,0,0,0,0,0,0,0,0
V6,CCCGTCCACGCCCAAGCCCGAGCCCTGGCAGCCGGAGTCCCAGCCCTACCCGGAGTCCCAGCCCTACCCGGAGCCGACATCCAC,PVHAQARALAAGVPALPGVPALPGADIH,0,0,0,0,0,0,0,76,0,0,0,0,0,0,0,0,0,0,0,0,0,0,0,0,0,0,0,0
V6,CCCGTCCACGCCCAAGCAGCCCTACCCGCAGCCGCAGCCGCAGCCGCAGTCAACAACGACATCCAC,PVHAQAALPAAAAAAAVNNDIH,0,0,0,0,0,0,0,68,0,0,0,0,0,0,0,0,0,0,0,0,0,0,0,0,0,0,0,0
V6,CCCGTCCACGCCCAAGCCCGAGCCCTGGCAGCCGCAGTGCCAGCCGCAGCCGACATCCAC,PVHAQARALAAAVPAAADIH,0,0,0,0,0,0,0,32,0,0,0,0,0,0,0,0,0,0,0,0,0,0,0,0,0,0,0,0
V6,CCCGTCCACGCCCAAGCCCGAGCCCTGGCAGCCGGAGTCCCACCCGGAGTCCCAGCCCTACCCGGAGCCGACATCCAC,PVHAQARALAAGVPPGVPALPGADIH,0,0,0,0,0,0,0,29,0,0,0,0,0,0,0,0,0,0,0,0,0,0,0,0,0,0,0,0
V6,CCCGTCCACGCCCAAGCAGCCGGAGCCGCAGCCGGAGTCCCAGCCCTACCCGGAGCCGACATCCAC,PVHAQAAGAAAGVPALPGADIH,0,0,0,0,0,0,0,23,0,0,0,0,0,0,0,0,0,0,0,0,0,0,0,0,0,0,0,0
V6,CCCGTCCACGCCCAAGCCCGAGCCCTGGCAGCCGGAGTCCCAGCCCTACCCGGAGCCGACATCCAC,PVHAQARALAAGVPALPGADIH,0,0,0,0,0,0,0,22.5,0,0,0,0,0,0,0,0,0,0,0,0,0,0,0,0,0,0,0,0
V6,CCCGTCTATTACTTCGCAGCCCCAGCCCAAGCCCCAGCCGCAGCCAACATCAAC,PVYYFAAPAQAPAAANIN,0,0,0,0,0,0,0,0,2483,0,0,0,0,0,0,0,0,0,0,0,0,0,0,0,0,0,0,0
V6,CCCGTCCATTGGAAAGCCCCAGCCCCAGCCCCAGCCCGAGCCGGAGCCGACATCCAC,PVHWKAPAPAPARAGADIH,0,0,0,0,0,0,0,0,0,941,0,0,0,0,0,0,0,0,0,0,0,0,0,0,0,0,0,0
V6,CCCGTCCATTGGAACGCCTTCACCCAAGCCCCAGCCCCAGCCCCAGCCCCAGCCCGAGCCCCAGCCGACATCCAC,PVHWNAFTQAPAPAPAPARAPADIH,0,0,0,0,0,0,0,0,0,922.5,0,0,0,0,0,0,0,0,0,0,0,0,0,0,0,0,0,0
V6,CCCGTCCATTGGAAAGCCCCAGCCCCAGCCCCAGCCCCAGCCCGAGCCCCAGCCGACATCCAC,PVHWKAPAPAPAPARAPADIH,0,0,0,0,0,0,0,0,0,715.5,0,0,0,0,0,0,0,0,0,0,0,0,0,0,0,0,0,0
V6,CCCGTCCATTGGAAAGCCCCAGCCCCAGCCCAACCCCCAGCCGACATCCAC,PVHWKAPAPAQPPADIH,0,0,0,0,0,0,0,0,0,0,2955.5,0,0,0,0,0,0,0,0,0,0,0,0,0,0,0,0,0
V6,CCCGTCCATTGGAAAGCCCCAGCCCCAGCCCAACCCCCAGCCGACATCAAC,PVHWKAPAPAQPPADIN,0,0,0,0,0,0,0,0,0,0,131.5,0,0,0,0,0,0,0,0,0,0,0,0,0,0,0,0,0
V6,CCCGTCCATTGGAAAGCCCCAGCCCCAGCCCCAGCCCCAGCCGACATCCAC,PVHWKAPAPAPAPADIH,0,0,0,0,0,0,0,0,0,0,68.5,0,0,0,0,0,0,0,0,0,0,0,0,0,0,0,0,0
V6,CCCGTCCATTGGAAAGCCCCAGCCCCAGCCCAACCCCCAGCCGCAGCCGGGGCTGGAGTCGACATCTAC,PVHWKAPAPAQPPAAAGAGVDIY,0,0,0,0,0,0,0,0,0,0,0,2153,2309,0,0,0,0,0,0,0,0,0,0,0,0,0,0,0
V6,CCCGTCCATTGGAAAGCCCCAGCCCCAGCCCAACCCCCAGCCGCAGCCGGGGCTGGAGTCGACATCAAC,PVHWKAPAPAQPPAAAGAGVDIN,0,0,0,0,0,0,0,0,0,0,0,267.5,0,0,0,0,0,0,0,0,0,0,0,0,0,0,0,0
V6,CCCGTCCATTGGAAAGCCCCAGCCCCAGCCCCACCCCCAGCCGCAGCCGGGGCTGGAGTCGACATCTAC,PVHWKAPAPAPPPAAAGAGVDIY,0,0,0,0,0,0,0,0,0,0,0,88.5,0,0,0,0,0,0,0,0,0,0,0,0,0,0,0,0
V6,CCCGTCCATTGGAAAGCCCCAGCCCCAGCCCAACTCCCAGCCGCAGCCGGGGCTGGAGTCGACATCTAC,PVHWKAPAPAQLPAAAGAGVDIY,0,0,0,0,0,0,0,0,0,0,0,72.5,0,0,0,0,0,0,0,0,0,0,0,0,0,0,0,0
V6,CCCGTCCATTGGAAAGCCCCAGCCCCAGCCCTACCCGCAGCCGCAGCCGCAGCCGCAGTCAACAACGACATCTAC,PVHWKAPAPALPAAAAAAAVNNDIY,0,0,0,0,0,0,0,0,0,0,0,61.5,0,0,0,0,0,0,0,0,0,0,0,0,0,0,0,0
V6,CCCGTCCATTGGAAAGCCCCAGCCCCAGCCCTACCCGGAGCCGCAGCCGGGGCTGGAGTCGACATCTAC,PVHWKAPAPALPGAAAGAGVDIY,0,0,0,0,0,0,0,0,0,0,0,53,0,0,0,0,0,0,0,0,0,0,0,0,0,0,0,0
V6,CCCGTCCATTGGAAAGCCCCAGCCCCAGCCCCAGCCCCAGCCGCAGCCGGGGCTGGAGTCGACATCTAC,PVHWKAPAPAPAPAAAGAGVDIY,0,0,0,0,0,0,0,0,0,0,0,37.5,0,0,0,0,0,0,0,0,0,0,0,0,0,0,0,0
V6,CCCGTCCATTGGAAAGCCCAACCCCCAGCCCGAGTCGACATCTAC,PVHWKAQPPARVDIY,0,0,0,0,0,0,0,0,0,0,0,28,0,0,0,0,0,0,0,0,0,0,0,0,0,0,0,0
V6,CCCGTCCACTACACGGTCCTGACCGGACCCCAAGCCCCAGCCATCCAC,PVHYTVLTGPQAPAIH,0,0,0,0,0,0,0,0,0,0,0,0,0,0,1412.5,1473.5,0,0,0,0,0,0,0,0,0,0,0,0
V6,CCCGTCCATTGGAAAGCCCCAGCCCCAGCCCAAGCCCCAGCCATCCAC,PVHWKAPAPAQAPAIH,0,0,0,0,0,0,0,0,0,0,0,0,0,0,731.5,1016,0,0,0,0,0,0,0,0,0,0,0,0
V6,CCCGTCCACTACACGGTCCTGACCGGACCCCAAGCCCCAGCCGCAGCCAACATCCAC,PVHYTVLTGPQAPAAANIH,0,0,0,0,0,0,0,0,0,0,0,0,0,0,518,0,0,0,0,0,0,0,0,0,0,0,0,0
V6,CCCGTCCACTACACGGTCCTGACCGGACCCCCAGCCGCAGCCAACATCCAC,PVHYTVLTGPPAAANIH,0,0,0,0,0,0,0,0,0,0,0,0,0,0,151.5,0,0,0,0,0,0,0,0,0,0,0,0,0
V6,CCCGTCCATTGGAAAGCCCCAGCCCCAGCCCGAGCCCCAGCCATCCAC,PVHWKAPAPARAPAIH,0,0,0,0,0,0,0,0,0,0,0,0,0,0,136.5,0,0,0,0,0,0,0,0,0,0,0,0,0
V6,CCCGTCCACTACACGGTCCTGACCGGACCCCCAGCCCCAGCCGACATCCAC,PVHYTVLTGPPAPADIH,0,0,0,0,0,0,0,0,0,0,0,0,0,0,57,90.5,0,0,0,0,0,0,0,0,0,0,0,0
V6,CCCGTCCACTACACGGTCCTGACCGTACCCCAAGCCCCAGCCATCCAC,PVHYTVLTVPQAPAIH,0,0,0,0,0,0,0,0,0,0,0,0,0,0,0,82.5,0,0,0,0,0,0,0,0,0,0,0,0
V6,CCCGTCCATTGGAAAGCCCCAGCCCCAGCCCGAGTTGACATCCAC,PVHWKAPAPARVDIH,0,0,0,0,0,0,0,0,0,0,0,0,0,0,0,66,0,0,0,0,0,0,0,0,0,0,0,0
V6,CCCGTCTATTACTTCGCAGCCAACATCCAC,PVYYFAANIH,0,0,0,0,0,0,0,0,0,0,0,0,0,0,0,0,3393,0,0,0,0,0,0,0,0,0,0,0
V6,CCCGTCTATTACTTCGCAGCCGACATCCAC,PVYYFAADIH,0,0,0,0,0,0,0,0,0,0,0,0,0,0,0,0,27,0,0,0,0,0,0,0,0,0,0,0
V6,CCTGTCCATTACAAAGTCCTAAAAGCCCGAGCCCGACCCCCAGCCCGAGTTGACATCTAC,PVHYKVLKARARPPARVDIY,0,0,0,0,0,0,0,0,0,0,0,0,0,0,0,0,0,2204,0,0,0,0,0,0,0,0,0,0
V6,CCTGTCCATTACAAAGTCCTAAAAGCCCACGCCCGAGCCCCAGCCAACATCCAC,PVHYKVLKAHARAPANIH,0,0,0,0,0,0,0,0,0,0,0,0,0,0,0,0,0,668.5,0,0,0,0,0,0,0,0,0,0
V6,CCTGTCCATTACAAAGTCCTAAAAGCCCGAGCCGTACCCCCAGCCCGAGTTGACATCTAC,PVHYKVLKARAVPPARVDIY,0,0,0,0,0,0,0,0,0,0,0,0,0,0,0,0,0,61.5,0,0,0,0,0,0,0,0,0,0
V6,CCTGTCCATTACAAAGTCCTAAAAGCCCGAGCCCGACCCCCAGCCCGAGGTGACATCTAC,PVHYKVLKARARPPARGDIY,0,0,0,0,0,0,0,0,0,0,0,0,0,0,0,0,0,42,0,0,0,0,0,0,0,0,0,0
V6,CCTGTCCATTACAACGTCCTAAAAGCCCGAGCCCGACCCCCAGCCCGAGTTGACATCTAC,PVHYNVLKARARPPARVDIY,0,0,0,0,0,0,0,0,0,0,0,0,0,0,0,0,0,22.5,0,0,0,0,0,0,0,0,0,0
V6,CCTGTCCATTACAAAGTCCTAAAAGCCCGAGCCCGACCCCCAGCCCCAGCCAACATCCAC,PVHYKVLKARARPPAPANIH,0,0,0,0,0,0,0,0,0,0,0,0,0,0,0,0,0,0,2077.5,0,0,0,0,0,0,0,0,0
V6,CCCGTCTATTACTTCGCAGCCCGACCCCAAGCCCCAGCCGCAGCCAACATCCAC,PVYYFAARPQAPAAANIH,0,0,0,0,0,0,0,0,0,0,0,0,0,0,0,0,0,0,620.5,0,0,0,0,0,0,0,0,0
V6,CCCGTCCATTGGAACGCCTTCACCCAAGCCCGAGCCCAACCCCCAGCCAACATCCAC,PVHWNAFTQARAQPPANIH,0,0,0,0,0,0,0,0,0,0,0,0,0,0,0,0,0,0,227,0,0,0,0,0,0,0,0,0
V6,CCTGTCCATTACAAAGTCCTAAAAGCCCGAGCCCGACCCCCAGCCGCAGCCAACATCAAC,PVHYKVLKARARPPAAANIN,0,0,0,0,0,0,0,0,0,0,0,0,0,0,0,0,0,0,156.5,0,0,0,0,0,0,0,0,0
V6,CCCGTCCATTGGAAAGCCCTACCCGCAGCCGCAGCCCCAGCCGACATCCAC,PVHWKALPAAAAPADIH,0,0,0,0,0,0,0,0,0,0,0,0,0,0,0,0,0,0,0,1406.5,0,0,0,0,0,0,0,0
V6,CCCGTCCATTGGAAAGCCCTGGCCCCAGCCCCAGCCGACATCCAC,PVHWKALAPAPADIH,0,0,0,0,0,0,0,0,0,0,0,0,0,0,0,0,0,0,0,880,0,0,0,0,0,0,0,0
V6,CCCGTCCATTGGAAAGCCCCAGCCCAACCCCCAGCCAACATCCAC,PVHWKAPAQPPANIH,0,0,0,0,0,0,0,0,0,0,0,0,0,0,0,0,0,0,0,295.5,0,0,0,0,0,0,0,0
V6,CCCGTCCATTGGAAAGCCCTGGCCCGAGCCGGACCCCACGCCCAACTCCCAGCCCGAGTTGACATCCAC,PVHWKALARAGPHAQLPARVDIH,0,0,0,0,0,0,0,0,0,0,0,0,0,0,0,0,0,0,0,289,0,0,0,0,0,0,0,0
V6,CCCGTCCACGCCCAAGCCCCAGCCGCAGCCAACATCAAC,PVHAQAPAAANIN,0,0,0,0,0,0,0,0,0,0,0,0,0,0,0,0,0,0,0,0,388,0,0,0,0,0,0,0
V6,CCCGTCCACGCCCAAGCCCGAGCCGGAGCCGACATCAAC,PVHAQARAGADIN,0,0,0,0,0,0,0,0,0,0,0,0,0,0,0,0,0,0,0,0,265.5,0,0,0,0,0,0,0
V6,CCCGTCCATTGGAACGCCTTCACCCAAGCCCGAGCCCTGCCCGGAGCCCCAGTCCCAGCCATCAAC,PVHWNAFTQARALPGAPVPAIN,0,0,0,0,0,0,0,0,0,0,0,0,0,0,0,0,0,0,0,0,72.5,0,0,0,0,0,0,0
V6,CCTGTCCATTACAAAGTCCTAAAAGCCCACGCCCGACCCCCAGCCAACATCCAC,PVHYKVLKAHARPPANIH,0,0,0,0,0,0,0,0,0,0,0,0,0,0,0,0,0,0,0,0,0,2915.5,0,0,0,0,0,0
V6,CCCGTCCATTGGAAAGCCCACGCCCGACCCCCAGCCAACATCCAC,PVHWKAHARPPANIH,0,0,0,0,0,0,0,0,0,0,0,0,0,0,0,0,0,0,0,0,0,107,0,0,0,0,0,0
V6,CCTGTCCATTACAAAGTCCTAAAAGCCCACGCCCAACCCCCAGCCAACATCCAC,PVHYKVLKAHAQPPANIH,0,0,0,0,0,0,0,0,0,0,0,0,0,0,0,0,0,0,0,0,0,37.5,0,0,0,0,0,0
V6,CCCGTCCACTACACGGTCCTGCCCGGAGCCCCAGTCCCAGCCATCTAC,PVHYTVLPGAPVPAIY,0,0,0,0,0,0,0,0,0,0,0,0,0,0,0,0,0,0,0,0,0,0,2012,0,0,0,0,0
V6,CCCGTCCATTGGAACGCCTTCACCCAAGCCCGAGCCCTGCCCGGAGCCCCAGTCCCAGCCATCTAC,PVHWNAFTQARALPGAPVPAIY,0,0,0,0,0,0,0,0,0,0,0,0,0,0,0,0,0,0,0,0,0,0,427,0,0,0,0,0
V6,CCCGTCCACTACACGGTCCTGACCGGACCCCAAGCCCCAGCCGCAGCCAACATCTAC,PVHYTVLTGPQAPAAANIY,0,0,0,0,0,0,0,0,0,0,0,0,0,0,0,0,0,0,0,0,0,0,72.5,0,0,0,0,0
V6,CCCGTCCACTACACGGTCCTGACCGGACCCCAAGCCCCAGCCGCAGCCAACATCAAC,PVHYTVLTGPQAPAAANIN,0,0,0,0,0,0,0,0,0,0,0,0,0,0,0,0,0,0,0,0,0,0,62,0,0,33,0,0
V6,CCCGTCCACTACACGGTCCTGACCGGACCCCAAGCCCCAGTCCCAGCCATCTAC,PVHYTVLTGPQAPVPAIY,0,0,0,0,0,0,0,0,0,0,0,0,0,0,0,0,0,0,0,0,0,0,48.5,0,0,0,0,0
V6,CCCGTCCATTGGAAAGCCCTGGCCCGAGCCCCAGTCCCAGCCATCTAC,PVHWKALARAPVPAIY,0,0,0,0,0,0,0,0,0,0,0,0,0,0,0,0,0,0,0,0,0,0,43.5,0,0,0,0,0
V6,CCCGTCCACTACACGGTCCTGCCCGGAGCCCCAGTCCCAGCCATCAAC,PVHYTVLPGAPVPAIN,0,0,0,0,0,0,0,0,0,0,0,0,0,0,0,0,0,0,0,0,0,0,30,0,0,0,0,0
V6,CCCGTCCATTGGAAAGCCCTGGCCCGAGCCCGACCCCCAGCCATCTAC,PVHWKALARARPPAIY,0,0,0,0,0,0,0,0,0,0,0,0,0,0,0,0,0,0,0,0,0,0,28,0,0,0,0,0
V6,CCCGTCCACTACACGGTCCTGCCCGGAGCCCCAGCCGCAGCCAACATCTAC,PVHYTVLPGAPAAANIY,0,0,0,0,0,0,0,0,0,0,0,0,0,0,0,0,0,0,0,0,0,0,28,0,0,0,0,0
V6,CCCGTCCACTACACGGTCCTGACCGGACCCCAAGCCCCAGCCATCTAC,PVHYTVLTGPQAPAIY,0,0,0,0,0,0,0,0,0,0,0,0,0,0,0,0,0,0,0,0,0,0,25,0,0,0,0,0
V6,CCCGTCCATTGGAAAGCCCTGGCCCCAGCCCTACCCCCAGCCAATGACATCTAC,PVHWKALAPALPPANDIY,0,0,0,0,0,0,0,0,0,0,0,0,0,0,0,0,0,0,0,0,0,0,0,3173.5,0,0,0,0
V6,CCCGTCCATTGGAAAGCCCTGGCCCCAGCCCTACCCCCAGCCCGAGTTGACATCTAC,PVHWKALAPALPPARVDIY,0,0,0,0,0,0,0,0,0,0,0,0,0,0,0,0,0,0,0,0,0,0,0,141,0,0,0,0
V6,CCCGTCCACTACACGGTCCTGACCGGACCCCAAGCCCCAGCCGCAGCCGACATCCAC,PVHYTVLTGPQAPAAADIH,0,0,0,0,0,0,0,0,0,0,0,0,0,0,0,0,0,0,0,0,0,0,0,0,1035,0,0,0
V6,CCCGTCCATTGGAAAGCCCTGGCCCCAGCCCGACCCCCAGCCGACATCCAC,PVHWKALAPARPPADIH,0,0,0,0,0,0,0,0,0,0,0,0,0,0,0,0,0,0,0,0,0,0,0,0,264,0,0,0
V6,CCCGTCTATTACTTCGCAGCCCCAGCCCAACCCCCAGCCGCAGTGCCAGCCGCAGCCGACATCCAC,PVYYFAAPAQPPAAVPAAADIH,0,0,0,0,0,0,0,0,0,0,0,0,0,0,0,0,0,0,0,0,0,0,0,0,246,0,0,0
V6,CCCGTCCATTGGAACGCCTTCACCCTGGCCCGAGCCCGACCCCCAGCCCCAGCCCGAGTTGACATCCAC,PVHWNAFTLARARPPAPARVDIH,0,0,0,0,0,0,0,0,0,0,0,0,0,0,0,0,0,0,0,0,0,0,0,0,191,0,0,0
V6,CCCGTCCACTACACGGTCCTGACCGGACCCCCAGCCCCAGCCGCAGCCGACATCCAC,PVHYTVLTGPPAPAAADIH,0,0,0,0,0,0,0,0,0,0,0,0,0,0,0,0,0,0,0,0,0,0,0,0,178,0,0,0
V6,CCCGTCTATTACTTCGCAGCCCGAGCCCGAGCCGGAGCCGCAGTGCCAGCCGACATCCAC,PVYYFAARARAGAAVPADIH,0,0,0,0,0,0,0,0,0,0,0,0,0,0,0,0,0,0,0,0,0,0,0,0,175.5,0,0,0
V6,CCTGTCCATTACAAAGTCCTAAAAGCCCACGCCCGACCCCCAGCCCCAGCCCGAGTTGACATCCAC,PVHYKVLKAHARPPAPARVDIH,0,0,0,0,0,0,0,0,0,0,0,0,0,0,0,0,0,0,0,0,0,0,0,0,169,0,0,0
V6,CCCGTCCATTGGAAAGCCCTGGCCCGAGCCCGACCCCCAGCCCCAGCCCGAGTTGACATCCAC,PVHWKALARARPPAPARVDIH,0,0,0,0,0,0,0,0,0,0,0,0,0,0,0,0,0,0,0,0,0,0,0,0,137.5,0,0,0
V6,CCCGTCTATTACTTCGCAGCCCGAGCCGCAGCCGCAGCCGGGGCTGGAGTCGACATCCAC,PVYYFAARAAAAAGAGVDIH,0,0,0,0,0,0,0,0,0,0,0,0,0,0,0,0,0,0,0,0,0,0,0,0,67,0,0,0
V6,CCCGTCTATTACTTCGCAGCCCGAGCCGTACCCCCAGCCCGAGTTGACATCCAC,PVYYFAARAVPPARVDIH,0,0,0,0,0,0,0,0,0,0,0,0,0,0,0,0,0,0,0,0,0,0,0,0,45,0,0,0
V6,CCCGTCCACGCCCAAGCAGCCGGAGCCGCAGCCGACATCCAC,PVHAQAAGAAADIH,0,0,0,0,0,0,0,0,0,0,0,0,0,0,0,0,0,0,0,0,0,0,0,0,40.5,0,0,0
V6,CCCGTCCACTACACGGTCCTGACCGGACCCCAAGCCCCAGCCGCAGCCGGGGCTGGAGTCGACATCCAC,PVHYTVLTGPQAPAAAGAGVDIH,0,0,0,0,0,0,0,0,0,0,0,0,0,0,0,0,0,0,0,0,0,0,0,0,38.5,0,0,0
V6,CCCGTCTATTACTTCGCAGCCCGAGCCCAACTCCCAGCCGACATCCAC,PVYYFAARAQLPADIH,0,0,0,0,0,0,0,0,0,0,0,0,0,0,0,0,0,0,0,0,0,0,0,0,31.5,0,0,0
V6,CCCGTCCACTACACGGTCCTGACCGTACCCCAAGCCCCAGCCGCAGCCGACATCCAC,PVHYTVLTVPQAPAAADIH,0,0,0,0,0,0,0,0,0,0,0,0,0,0,0,0,0,0,0,0,0,0,0,0,26.5,0,0,0
V6,CCCGTCCACTACACGGTCCTGACCGGACCCCAAGCCCGAGCCGGAGCCGACATCCAC,PVHYTVLTGPQARAGADIH,0,0,0,0,0,0,0,0,0,0,0,0,0,0,0,0,0,0,0,0,0,0,0,0,25.5,0,0,0
V6,CCCGTCTATTACTTCGCAGCCCGAGCCGGAGCCGCAGTGCCAGCCGCAGCCGACGACATCCAC,PVYYFAARAGAAVPAAADDIH,0,0,0,0,0,0,0,0,0,0,0,0,0,0,0,0,0,0,0,0,0,0,0,0,25,0,0,0
V6,CCCGTCTATTACTTCGCAGCCCGAGCCGTACCCCCAGCCCGAGCCGGAGCCGACATCCAC,PVYYFAARAVPPARAGADIH,0,0,0,0,0,0,0,0,0,0,0,0,0,0,0,0,0,0,0,0,0,0,0,0,22.5,0,0,0
V6,CCCGTCCACTACACGGTCCTGACCGGACCCCCAGCCCAACCCCCAGCCGACATCCAC,PVHYTVLTGPPAQPPADIH,0,0,0,0,0,0,0,0,0,0,0,0,0,0,0,0,0,0,0,0,0,0,0,0,20.5,0,0,0
V6,CCCGTCTATTACTTCGCAGCCCGAGCCCTGGCAGCCGCAGTCAACAACGACATCAAC,PVYYFAARALAAAVNNDIN,0,0,0,0,0,0,0,0,0,0,0,0,0,0,0,0,0,0,0,0,0,0,0,0,0,957.5,0,0
V6,CCCGTCCATTGGAAAGCCCTGGCAGCCGGAGTCCCACCCGGGGCTGGAGTCGACATCAAC,PVHWKALAAGVPPGAGVDIN,0,0,0,0,0,0,0,0,0,0,0,0,0,0,0,0,0,0,0,0,0,0,0,0,0,645,0,0
V6,CCCGTCTATTACTTCGCAGCCCGAGCCCTGGCAGCCGGAGTCCCACCCGGGGCTGGAGTCGACATCAAC,PVYYFAARALAAGVPPGAGVDIN,0,0,0,0,0,0,0,0,0,0,0,0,0,0,0,0,0,0,0,0,0,0,0,0,0,564,0,0
V6,CCCGTCCATTGGAAAGCCCTGGCAGCCGCAGCCGGGGCTGGAGTCGACATCAAC,PVHWKALAAAAGAGVDIN,0,0,0,0,0,0,0,0,0,0,0,0,0,0,0,0,0,0,0,0,0,0,0,0,0,301,0,0
V6,CCCGTCCACGCCCAAGCCCGAGCCCTGGCAGCCGGAGTCCCACCCGGGGCTGGAGTCGACATCAAC,PVHAQARALAAGVPPGAGVDIN,0,0,0,0,0,0,0,0,0,0,0,0,0,0,0,0,0,0,0,0,0,0,0,0,0,100,0,0
V6,CCCGTCCATTGGAACGCCTTCACCCAACCCCCAGCCAACATCAAC,PVHWNAFTQPPANIN,0,0,0,0,0,0,0,0,0,0,0,0,0,0,0,0,0,0,0,0,0,0,0,0,0,0,187.5,0
V6,CCTGTCCATTACAAAGTCCTAAAAGCCCAAGCCCCAGCCGACATCAAC,PVHYKVLKAQAPADIN,0,0,0,0,0,0,0,0,0,0,0,0,0,0,0,0,0,0,0,0,0,0,0,0,0,0,159,0
V6,CCTGTCCATTACAAAGTCCTAAAAGCCCAAGCCCCAGCCGCAGCCAACATCAAC,PVHYKVLKAQAPAAANIN,0,0,0,0,0,0,0,0,0,0,0,0,0,0,0,0,0,0,0,0,0,0,0,0,0,0,124.5,0
V6,CCCGTCCATTGGAACGCCTTCACCCAAGCCCCAGCCGCAGCCAACATCAAC,PVHWNAFTQAPAAANIN,0,0,0,0,0,0,0,0,0,0,0,0,0,0,0,0,0,0,0,0,0,0,0,0,0,0,88.5,0
V6,CCCGTCTATTACTTCGCAGCCCGACCCCCAGCCCCAGCCGACATCAAC,PVYYFAARPPAPADIN,0,0,0,0,0,0,0,0,0,0,0,0,0,0,0,0,0,0,0,0,0,0,0,0,0,0,82.5,0
V6,CCCGTCCATTGGAAAGCCCGAGCCCGACCCCCAGCCGCAGCCAACATCAAC,PVHWKARARPPAAANIN,0,0,0,0,0,0,0,0,0,0,0,0,0,0,0,0,0,0,0,0,0,0,0,0,0,0,68.5,0
V6,CCTGTCCATTACAAAGTCCTAAAAGCCCAACCCCCAGCCAACATCAAC,PVHYKVLKAQPPANIN,0,0,0,0,0,0,0,0,0,0,0,0,0,0,0,0,0,0,0,0,0,0,0,0,0,0,58,0
V6,CCCGTCTATTACTTCGCAGCCCGAGCCCAAGCCCCAGCCGACATCAAC,PVYYFAARAQAPADIN,0,0,0,0,0,0,0,0,0,0,0,0,0,0,0,0,0,0,0,0,0,0,0,0,0,0,54.5,0
V6,CCCGTCCATTGGAACGCCTTCACCCAAGCCCAACCCCCAGCCAACATCAAC,PVHWNAFTQAQPPANIN,0,0,0,0,0,0,0,0,0,0,0,0,0,0,0,0,0,0,0,0,0,0,0,0,0,0,47.5,0
V6,CCCGTCTATTACTTCGCAGCCCGAGCCCAACTCCCAGCCGTAGCCCCAGCCAATGACATCAAC,PVYYFAARAQLPAVAPANDIN,0,0,0,0,0,0,0,0,0,0,0,0,0,0,0,0,0,0,0,0,0,0,0,0,0,0,43,0
V6,CCTGTCCATTACAAAGTCCTAAAAGCCCAAGCAGCCGGAGCCGCAGCCAACATCAAC,PVHYKVLKAQAAGAAANIN,0,0,0,0,0,0,0,0,0,0,0,0,0,0,0,0,0,0,0,0,0,0,0,0,0,0,27,0
V6,CCCGTCCACGCCCGAGCCGGAGCCGACATCAAC,PVHARAGADIN,0,0,0,0,0,0,0,0,0,0,0,0,0,0,0,0,0,0,0,0,0,0,0,0,0,0,0,1290
V6,CCCGTCCACGCCCGAGCCCCAGCCAATGACATCTAC,PVHARAPANDIY,0,0,0,0,0,0,0,0,0,0,0,0,0,0,0,0,0,0,0,0,0,0,0,0,0,0,0,940
V6,CCCGTCCACGCCCGAGCCGGAGCCCCAGTCCCAGCCATCTAC,PVHARAGAPVPAIY,0,0,0,0,0,0,0,0,0,0,0,0,0,0,0,0,0,0,0,0,0,0,0,0,0,0,0,939.5
V7,TACGGCGGTACGAACAAGAAAAACGATGCTGCAGTTCCTGGTACGAAGTGGAGCAAGGAATATTGTGGGTATTAC,YGGTNKKNDAAVPGTKWSKEYCGYY,2465.5,0,0,0,0,0,0,0,0,0,0,0,0,3086,0,0,0,0,0,0,0,0,0,0,0,0,0,0
V7,TACGGCGGTACGAACAAGAAAAACGATGCTGCTCCTACGAAGTGGAGCAAGGAATATTGTGGGTATTAC,YGGTNKKNDAAPTKWSKEYCGYY,190.5,0,0,0,0,0,57.5,0,0,0,0,0,0,0,0,0,0,0,0,0,0,0,0,0,0,0,0,0
V7,TACGGCGGTACGAACAAGAAAAACGATGCTGCAGTTCCTGCTACGAAGTGGAAGGCAGAATATTGTGGGTATTAC,YGGTNKKNDAAVPATKWKAEYCGYY,170.5,0,0,0,0,0,0,0,0,0,0,0,0,116.5,0,0,0,0,0,0,0,0,0,0,0,0,0,0
V7,TACGGCGGTACGAACAAGAAAAACGATGCTGCTCCTACGAAGTGGAAGGCAGAATATTGTGGGTATTAC,YGGTNKKNDAAPTKWKAEYCGYY,91.5,0,2703.5,103,1140.5,0,122,0,0,0,0,150.5,0,0,0,0,0,0,671.5,0,0,0,0,0,0,0,0,0
V7,TACGGCGGTACGAACAAGAAAAACGATGCTGCAGTTCCTGCTACGAAGTGGAGCAAGGAATATTGTGGGTATTAC,YGGTNKKNDAAVPATKWSKEYCGYY,86,0,0,0,0,0,0,0,0,0,0,0,0,0,0,0,0,0,0,0,0,0,0,0,0,0,0,0
V7,TACGGCGGTACGAACAAGAAAAACGATGCTGCTCCTACGAAGTGGAAGGCAGGATATTGTGGGTATTAC,YGGTNKKNDAAPTKWKAGYCGYY,75.5,93,522.5,2089,0,713.5,87.5,0,0,0,20,25,0,0,209,0,0,0,0,0,0,0,0,0,0,0,0,27
V7,TACGGCGGTACGAACAAGAAAAACGATGCTGCAGTTCCTGGTACGAAGTGGAAGGCAGAATATTGTGGGTATTAC,YGGTNKKNDAAVPGTKWKAEYCGYY,62,0,0,0,0,0,0,0,0,0,0,0,0,0,0,0,0,0,0,0,0,0,0,0,0,0,0,0
V7,TACGGCGGTACGAACAAGCAAGCTGCTGCAGTTCCTGGTACGAAGTGGAGCAAGGAATATTGTGGGTATTAC,YGGTNKQAAAVPGTKWSKEYCGYY,42.5,0,0,0,0,0,0,0,0,0,0,0,0,0,0,0,0,0,0,0,0,0,0,0,0,0,44.5,0
V7,TACGGCGGTACGAACAAGAAAAACGATGCTCCTGCTACGAAGTGGAAGGCAGAATATTGTGGGTATTAC,YGGTNKKNDAPATKWKAEYCGYY,30.5,0,103,0,1281,0,0,0,0,0,0,3062,2923,0,897,464.5,0,0,0,1563.5,0,0,0,0,0,0,0,0
V7,TACGGCGGTACGAACAAGAAAAACGATGCTGCTCCTGCTACGAAGTGGAAGGCAGGATATTGTGGGTATTAC,YGGTNKKNDAAPATKWKAGYCGYY,0,2699.5,0,0,0,1362,0,0,0,0,0,0,0,0,0,0,0,0,0,0,0,0,0,0,0,0,0,55
V7,TACGGCGGTACGAACAAGAAAAACGATGCTGCTCCTGCTACGAAGTGGAAGGCAGAATATTGTGGGTATTAC,YGGTNKKNDAAPATKWKAEYCGYY,0,283.5,0,0,0,452,124,0,0,0,40.5,0,0,0,0,0,0,0,0,0,0,0,0,0,1635.5,1345.5,0,0
V7,TACGGCGGTACGAACAAAAAAGCTGCTGCTGCAGCCCCTGCTCCTGCTACGAAGTGGAAGGCAGGATATTGTGGGTATTAC,YGGTNKKAAAAAPAPATKWKAGYCGYY,0,55.5,0,0,0,0,0,0,0,0,0,0,0,0,0,0,0,0,0,0,0,0,0,0,0,0,0,0
V7,TACGGCGGTACGAACAAGAAAAACGATGCTGCTCCTGGTACGAAGTGGAAGGCAGGATATTGTGGGTATTAC,YGGTNKKNDAAPGTKWKAGYCGYY,0,44.5,0,0,0,0,0,0,0,0,0,0,0,0,0,0,0,0,0,0,0,0,0,0,0,0,0,0
V7,TACGGCGGTACGAACAAGCAAGCTGCTGCTCCTACGAAGTGGAAGGCAGAATATTGTGGGTATTAC,YGGTNKQAAAPTKWKAEYCGYY,0,0,0,1043.5,114,0,0,0,0,0,0,0,0,0,0,0,0,0,0,0,0,0,0,0,0,0,0,0
V7,TACGGCGGTACGAACAAAAAGGCCACGCCCCCTGCTGCTCCTGCTACGAAGTGGAAGGCAGAATATTGTGGGTATTAC,YGGTNKKATPPAAPATKWKAEYCGYY,0,0,0,0,570,0,0,0,0,0,0,0,0,0,81,0,0,141.5,109.5,0,1239,0,0,0,0,0,0,0
V7,TACGGCGGTACGAACAAAAAAGCTGCTCCTGCTACGAAGTGGAAGGCAGAATATTGTGGGTATTAC,YGGTNKKAAPATKWKAEYCGYY,0,0,0,0,43.5,95,0,0,0,0,0,0,0,0,0,0,0,0,0,0,0,0,0,0,0,0,0,0
V7,TACGGCGGTACGAACAAAAAGGCCACGCCCCCTGCTGCTCCTGCTGCTCCTACGAAGTGGAAGGCAGAATATTGTGGGTATTAC,YGGTNKKATPPAAPAAPTKWKAEYCGYY,0,0,0,0,42.5,0,0,0,0,0,0,0,0,0,0,36,0,0,0,0,0,30.5,150.5,0,0,0,106,0
V7,TACGGCGGTACGAACAAAAAGGCCACGCCCCCTGCTGCTCCTACGAAGTGGAAGGCAGAATATTGTGGGTATTAC,YGGTNKKATPPAAPTKWKAEYCGYY,0,0,0,0,37,0,0,0,0,0,0,0,0,0,0,0,0,0,0,0,883.5,3017.5,0,0,0,0,0,0
V7,TACGGCGGTACGAACAAAAAGGCCACGCCCCCTGCTGCTCCTGCTGCTCCTACGAAGTGGAAGGCAGGATATTGTGGGTATTAC,YGGTNKKATPPAAPAAPTKWKAGYCGYY,0,0,0,0,0,96.5,0,0,0,0,0,0,0,0,0,0,0,0,0,0,0,0,0,0,0,0,0,0
V7,TACGGCGGTACGAACAAGAAAAACGATGCTGCTCCTGCTGCTCCTACGAAGTGGAAGGCAGAATATTGTGGGTATTAC,YGGTNKKNDAAPAAPTKWKAEYCGYY,0,0,0,0,0,0,1267.5,0,0,0,0,0,0,0,0,0,0,0,0,0,0,0,0,0,0,0,0,0
V7,TACGGCGGTACGAACAAGAAAAACGATGCTGCTCCTGCTGCTCCTACGAAGTGGAGCAAGGAATATTGTGGGTATTAC,YGGTNKKNDAAPAAPTKWSKEYCGYY,0,0,0,0,0,0,1199.5,0,0,0,0,0,0,0,0,0,0,0,0,0,0,0,0,0,0,0,0,0
V7,TACGGCGGTACGAACAAGAAAAACGATGCTGCTCCTGCTGCTCCTACGAAGTGGAAGGCAGGATATTGTGGGTATTAC,YGGTNKKNDAAPAAPTKWKAGYCGYY,0,0,0,0,0,0,271,0,0,0,0,0,0,0,0,0,0,0,0,0,0,0,0,0,0,0,0,0
V7,TACGGCGGTACGAACAAGAAAAACGATGCTGCTGCAGCCCCTGCTGCTGCAGTTCCTGCTACGAAGTGGAGCAAGGAATATTGTGGGTATTAC,YGGTNKKNDAAAAPAAAVPATKWSKEYCGYY,0,0,0,0,0,0,0,1478,0,0,0,0,0,0,0,0,0,0,0,0,0,0,0,0,0,0,0,0
V7,TACGGCGGTACGAACAAGAAAAACGATGCTGCTGCAGCCCCTGCTGCTGCAGTTCCTGCTACGAAGTGGAAGGCAGAATATTGTGGGTATTAC,YGGTNKKNDAAAAPAAAVPATKWKAEYCGYY,0,0,0,0,0,0,0,1174.5,0,0,0,0,0,0,0,0,0,0,0,0,0,0,0,0,0,0,0,0
V7,TACGGCGGTACGAACAAGCAAGCTGCTGCAGCCCCTGCTGCTGCAGTTCCTGCTACGAAGTGGAGCAAGGAATATTGTGGGTATTAC,YGGTNKQAAAAPAAAVPATKWSKEYCGYY,0,0,0,0,0,0,0,393.5,0,0,0,0,0,0,0,0,0,0,0,0,0,0,0,0,0,0,0,0
V7,TACGGCGGTACGAACAAGAAAAACGATGCTGCTGCAGCCCCTGCTGCTCCTGCTACGAAGTGGAGCAAGGAATATTGTGGGTATTAC,YGGTNKKNDAAAAPAAPATKWSKEYCGYY,0,0,0,0,0,0,0,88.5,0,0,0,0,0,0,0,0,0,0,0,0,0,0,0,0,0,0,0,0
V7,TACGGCGGTACGAACAAAAAGGCCACGCCCCCTGCAGCCCCTGCTGCTGCAGTTCCTGCTACGAAGTGGAGCAAGGAATATTGTGGGTATTAC,YGGTNKKATPPAAPAAAVPATKWSKEYCGYY,0,0,0,0,0,0,0,22.5,0,0,0,0,0,0,0,0,0,0,0,0,0,0,0,0,0,0,0,0
V7,TACGGCGGTACGAACAAGCAAGCTGCTGCAGCCCCTGCTGCTGCAGTTCCTGCTACGAAGTGGAAGGCAGAATATTGTGGGTATTAC,YGGTNKQAAAAPAAAVPATKWKAEYCGYY,0,0,0,0,0,0,0,22,0,0,0,0,0,0,0,0,0,0,0,0,0,0,0,0,0,0,0,0
V7,TACGGCGGTACGAACAAGAAAAACGATGCTGCTGCAGCCCCTGCTCCTGCTACGAAGTGGAGCAAGGAATATTGTGGGTATTAC,YGGTNKKNDAAAAPAPATKWSKEYCGYY,0,0,0,0,0,0,0,0,2893.5,0,0,0,0,0,0,0,0,0,0,0,0,0,0,0,0,0,0,0
V7,TACGGCGGTACGAACAAGAAAAACGATGCTGCTGCAGCCCCTGCTCCTGCTACGAAGTGGAAGGCAGGATATTGTGGGTATTAC,YGGTNKKNDAAAAPAPATKWKAGYCGYY,0,0,0,0,0,0,0,0,0,2875.5,0,0,0,0,0,0,0,0,0,0,0,0,0,0,0,0,0,0
V7,TACGGCGGTACGAACAAGAAAAACGATGCTGCTGCAGCCCCTGCTCCTGCTACGAAGTGGAAGGCAGAATATTGTGGGTATTAC,YGGTNKKNDAAAAPAPATKWKAEYCGYY,0,0,0,0,0,0,0,0,0,366,2967,0,0,0,0,0,0,0,0,0,0,0,0,0,0,0,0,0
V7,TACGGCGGTACGAACAAGCAAGCTGCTGCAGCCCCTGCTCCTGCTACGAAGTGGAAGGCAGAATATTGTGGGTATTAC,YGGTNKQAAAAPAPATKWKAEYCGYY,0,0,0,0,0,0,0,0,0,0,49.5,0,0,0,0,0,0,0,0,0,0,0,0,0,0,0,0,0
V7,TACGGCGGTACGAACAAGAAAAACGATGCTCCTGCTACGAAGTGGAGCAAGGAATATTGTGGGTATTAC,YGGTNKKNDAPATKWSKEYCGYY,0,0,0,0,0,0,0,0,0,0,0,49.5,0,0,1244.5,1775,0,0,0,0,0,0,0,0,0,0,0,0
V7,TACGGCGGTACGAACAAGAAAAACGATGCTCCTGCTACGAAGTGGAAGGCAGGATATTGTGGGTATTAC,YGGTNKKNDAPATKWKAGYCGYY,0,0,0,0,0,0,0,0,0,0,0,32.5,0,0,0,24,0,0,0,0,0,0,0,0,0,0,0,0
V7,TACGGCGGTACGAACAAAAAGGCCACGCCCCCTGCTGCTCCTGCTACGAAGTGGAGCAAGGAATATTGTGGGTATTAC,YGGTNKKATPPAAPATKWSKEYCGYY,0,0,0,0,0,0,0,0,0,0,0,0,0,0,631.5,770.5,0,0,0,0,0,0,0,0,0,0,0,0
V7,TACGGCGGTACGAACAAAAAGGCCACGCCCCCTGCTGCTGCAGTTCCTGCTACGAAGTGGAAGGCAGAATATTGTGGGTATTAC,YGGTNKKATPPAAAVPATKWKAEYCGYY,0,0,0,0,0,0,0,0,0,0,0,0,0,0,0,0,2255,0,0,332,0,0,0,0,0,0,82,0
V7,TACGGCGGTACGAACAAAAAGGCCACGCCCCCTGCTGCTGCAGTTCCTGGTACGAAGTGGAAGGCAGAATATTGTGGGTATTAC,YGGTNKKATPPAAAVPGTKWKAEYCGYY,0,0,0,0,0,0,0,0,0,0,0,0,0,0,0,0,935.5,0,210.5,0,0,0,0,0,0,0,0,0
V7,TACGGCGGTACGAACAAGAAAAACGATGCTGCTCCTGCTGCAGTTCCTGCTACGAAGTGGAAGGCAGAATATTGTGGGTATTAC,YGGTNKKNDAAPAAVPATKWKAEYCGYY,0,0,0,0,0,0,0,0,0,0,0,0,0,0,0,0,29,0,0,0,0,0,0,0,0,0,0,0
V7,TACGGCGGTACGAACAAAAAAGCTGCTGCTGCAGTTCCTGCTACGAAGTGGAAGGCAGAATATTGTGGGTATTAC,YGGTNKKAAAAVPATKWKAEYCGYY,0,0,0,0,0,0,0,0,0,0,0,0,0,0,0,0,23.5,0,0,0,0,0,0,0,0,0,0,0
V7,TACGGCGGTACGAACAAAAAGGCCACGCCCCCTGCTGCTCCTGGTACGAAGTGGAGCAAGGAATATTGTGGGTATTAC,YGGTNKKATPPAAPGTKWSKEYCGYY,0,0,0,0,0,0,0,0,0,0,0,0,0,0,0,0,0,2964,2228,0,0,0,0,0,0,0,128.5,32.5
V7,TACGGCGGTACGAACAAGAAAAACGATGCTGCTCCTGGTACGAAGTGGAGCAAGGAATATTGTGGGTATTAC,YGGTNKKNDAAPGTKWSKEYCGYY,0,0,0,0,0,0,0,0,0,0,0,0,0,0,0,0,0,49,0,0,0,0,0,0,0,43,0,0
V7,TACGGCGGTACGAACAAAAAGGCCACGCCCCCTGCTGCTCCTGGTACGAAGTGGAAGGCAGAATATTGTGGGTATTAC,YGGTNKKATPPAAPGTKWKAEYCGYY,0,0,0,0,0,0,0,0,0,0,0,0,0,0,0,0,0,42,0,0,0,0,0,0,0,0,0,0
V7,TACGGCGGTACGAACAAGAAAAACGATGCTGCTCTTACGAAGTGGAAGGCAGAATATTGTGGGTATTAC,YGGTNKKNDAALTKWKAEYCGYY,0,0,0,0,0,0,0,0,0,0,0,0,0,0,0,0,0,0,0,803,0,0,0,0,0,0,0,0
V7,TACGGCGGTACGAACAAAAAGGCCACGCCCCCTGCTGCTCCTGCTGCTCTTACGAAGTGGAAGGCAGGATATTGTGGGTATTAC,YGGTNKKATPPAAPAALTKWKAGYCGYY,0,0,0,0,0,0,0,0,0,0,0,0,0,0,0,0,0,0,0,169.5,0,0,0,0,0,0,0,0
V7,TACGGCGGTACGAACAAAAAAGCTGCTGCTGCAGCCCCTGCTCCTGGTACGAAGTGGAAGGCAGAATATTGTGGGTATTAC,YGGTNKKAAAAAPAPGTKWKAEYCGYY,0,0,0,0,0,0,0,0,0,0,0,0,0,0,0,0,0,0,0,0,0,0,1906,0,0,0,0,0
V7,TACGGCGGTACGAACAAAAAAGCTGCTGCTGCAGCCCCTGCTCCTGCTACGAAGTGGAAGGCAGAATATTGTGGGTATTAC,YGGTNKKAAAAAPAPATKWKAEYCGYY,0,0,0,0,0,0,0,0,0,0,0,0,0,0,0,0,0,0,0,0,0,0,596,3301,42,0,0,0
V7,TACGGCGGTACGAACAAGAAAAACGATGCTGCTGCAGCCCCTGCTCCTGGTACGAAGTGGAAGGCAGAATATTGTGGGTATTAC,YGGTNKKNDAAAAPAPGTKWKAEYCGYY,0,0,0,0,0,0,0,0,0,0,0,0,0,0,0,0,0,0,0,0,0,0,72.5,0,0,0,0,0
V7,TACGGCGGTACGAACAAGAAAAACGATGCTGCTCCTGGTACGAAGTGGAAGGCAGAATATTGTGGGTATTAC,YGGTNKKNDAAPGTKWKAEYCGYY,0,0,0,0,0,0,0,0,0,0,0,0,0,0,0,0,0,0,0,0,0,0,65.5,0,0,0,0,0
V7,TACGGCGGTACGAACAAAAAAGCTGCTGCTGCAGTTCCTGGTACGAAGTGGAAGGCAGAATATTGTGGGTATTAC,YGGTNKKAAAAVPGTKWKAEYCGYY,0,0,0,0,0,0,0,0,0,0,0,0,0,0,0,0,0,0,0,0,0,0,42,0,0,0,0,0
V7,TACGGCGGTACGAACAAGAAAAACGATGCTGCTCCTGCTGCAGCCCCTGCTCCTGGTACGAAGTGGAAGGCAGAATATTGTGGGTATTAC,YGGTNKKNDAAPAAAPAPGTKWKAEYCGYY,0,0,0,0,0,0,0,0,0,0,0,0,0,0,0,0,0,0,0,0,0,0,37.5,0,0,0,0,0
V7,TACGGCGGTACGAACAAAAAAGCTGCTGCGGTCCCCGGCGTCGTCCCTGGTACGAAGTGGAAGGCAGAATATTGTGGGTATTAC,YGGTNKKAAAVPGVVPGTKWKAEYCGYY,0,0,0,0,0,0,0,0,0,0,0,0,0,0,0,0,0,0,0,0,0,0,36,0,0,0,0,0
V7,TACGGCGGTACGAACAAGAAAAACGATGCTGCTCCTGGTGCAGCCCCTGCTCCTGGTACGAAGTGGAAGGCAGAATATTGTGGGTATTAC,YGGTNKKNDAAPGAAPAPGTKWKAEYCGYY,0,0,0,0,0,0,0,0,0,0,0,0,0,0,0,0,0,0,0,0,0,0,21.5,0,0,0,0,0
V7,TACGGCGGTACGAACAAAAAAGCTGCAGCCCCTGCTCCTGCTACGAAGTGGAAGGCAGAATATTGTGGGTATTAC,YGGTNKKAAAPAPATKWKAEYCGYY,0,0,0,0,0,0,0,0,0,0,0,0,0,0,0,0,0,0,0,0,0,0,0,0,1122,0,0,0
V7,TACGGCGGTACGAACAAGAAAAACGATGCAGCCCCTGCTCCTGCTACGAAGTGGAAGGCAGAATATTGTGGGTATTAC,YGGTNKKNDAAPAPATKWKAEYCGYY,0,0,0,0,0,0,0,0,0,0,0,0,0,0,0,0,0,0,0,0,0,0,0,0,173,0,0,0
V7,TACGGCGGTACGAACAAGCAAGCTGCAGCCCCTGCTCCTGCTACGAAGTGGAAGGCAGAATATTGTGGGTATTAC,YGGTNKQAAAPAPATKWKAEYCGYY,0,0,0,0,0,0,0,0,0,0,0,0,0,0,0,0,0,0,0,0,0,0,0,0,152.5,0,0,0
V7,TACGGCGGTACGAACAAAAAGGCCACGCCCCCTGCTGCTCCTGCTCCTGCTACGAAGTGGAAGGCAGGATATTGTGGGTATTAC,YGGTNKKATPPAAPAPATKWKAGYCGYY,0,0,0,0,0,0,0,0,0,0,0,0,0,0,0,0,0,0,0,0,0,0,0,0,67,0,0,0
V7,TACGGCGGTACGAACAAGAAAAACGATGCTGCTCCTGCTGCTCCTGCTACGAAGTGGAAGGCAGAATATTGTGGGTATTAC,YGGTNKKNDAAPAAPATKWKAEYCGYY,0,0,0,0,0,0,0,0,0,0,0,0,0,0,0,0,0,0,0,0,0,0,0,0,0,1873.5,0,0
V7,TACGGCGGTACGAACAAGCAAGCTGCTCCTGCTACGAAGTGGAAGGCAGAATATTGTGGGTATTAC,YGGTNKQAAPATKWKAEYCGYY,0,0,0,0,0,0,0,0,0,0,0,0,0,0,0,0,0,0,0,0,0,0,0,0,0,0,657.5,0
V7,TACGGCGGTACGAACAAAAAGGCCACGCCCCCTGCTGCTCCTGCTGCTCCTACGAAGTGGAGCAAGGAATATTGTGGGTATTAC,YGGTNKKATPPAAPAAPTKWSKEYCGYY,0,0,0,0,0,0,0,0,0,0,0,0,0,0,0,0,0,0,0,0,0,0,0,0,0,0,378,0
V7,TACGGCGGTACGAACAAGCAAGCTGCTCCTGCTACGAAGTGGAGCAAGGAATATTGTGGGTATTAC,YGGTNKQAAPATKWSKEYCGYY,0,0,0,0,0,0,0,0,0,0,0,0,0,0,0,0,0,0,0,0,0,0,0,0,0,0,339.5,0
V7,TACGGCGGTACGAACAAAAAGGCCACGCCCCCTGCTGCTGCAGTTCCTGGTACGAAGTGGAGCAAGGAATATTGTGGGTATTAC,YGGTNKKATPPAAAVPGTKWSKEYCGYY,0,0,0,0,0,0,0,0,0,0,0,0,0,0,0,0,0,0,0,0,0,0,0,0,0,0,226.5,0
V7,TACGGCGGTACGAACAAAAAAGCTGCTGCTGCAGCCCCTGCTCCTGGTACGAAGTGGAGCAAGGAATATTGTGGGTATTAC,YGGTNKKAAAAAPAPGTKWSKEYCGYY,0,0,0,0,0,0,0,0,0,0,0,0,0,0,0,0,0,0,0,0,0,0,0,0,0,0,138.5,0
V7,TACGGCGGTACGAACAAGAAAAACGATGCTGCTCCTGGTGCAGTTCCTGCTACGAAGTGGAAGGCAGAATATTGTGGGTATTAC,YGGTNKKNDAAPGAVPATKWKAEYCGYY,0,0,0,0,0,0,0,0,0,0,0,0,0,0,0,0,0,0,0,0,0,0,0,0,0,0,80,0
V7,TACGGCGGTACGAACAAAAAAGCTGCTGCTGCAGTTCCTGGTACGAAGTGGAGCAAGGAATATTGTGGGTATTAC,YGGTNKKAAAAVPGTKWSKEYCGYY,0,0,0,0,0,0,0,0,0,0,0,0,0,0,0,0,0,0,0,0,0,0,0,0,0,0,63,0
V7,TACGGCGGTACGAACAAGAAAAACGATGCTGCTCCTGCTACGAAGTGGAGCAAGGAATATTGTGGGTATTAC,YGGTNKKNDAAPATKWSKEYCGYY,0,0,0,0,0,0,0,0,0,0,0,0,0,0,0,0,0,0,0,0,0,0,0,0,0,0,46.5,0
V7,TACGGCGGTACGAACAAAAAGGCCACGCCCCCTGCTGCTGCAGCCCCTGCTCCTGGTACGAAGTGGAGCAAGGAATATTGTGGGTATTAC,YGGTNKKATPPAAAAPAPGTKWSKEYCGYY,0,0,0,0,0,0,0,0,0,0,0,0,0,0,0,0,0,0,0,0,0,0,0,0,0,0,35.5,0
V7,TACGGCGGTACGAACAAGAAAAACGATGCTGCTCCTGGTGCTGCTGCTCTTACGAAGTGGAAGGCAGAATATTGTGGGTATTAC,YGGTNKKNDAAPGAAALTKWKAEYCGYY,0,0,0,0,0,0,0,0,0,0,0,0,0,0,0,0,0,0,0,0,0,0,0,0,0,0,34,0
V7,TACGGCGGTACGAACAAAAAGGCCACGCCCCCTGCTGCTGCTCTTACGAAGTGGAAGGCAGAATATTGTGGGTATTAC,YGGTNKKATPPAAALTKWKAEYCGYY,0,0,0,0,0,0,0,0,0,0,0,0,0,0,0,0,0,0,0,0,0,0,0,0,0,0,31.5,0
V7,TACGGCGGTACGAACAAAAAGGCCACGCCCCCTGCTGCTCTTACGAAGTGGAAGGCAGAATATTGTGGGTATTAC,YGGTNKKATPPAALTKWKAEYCGYY,0,0,0,0,0,0,0,0,0,0,0,0,0,0,0,0,0,0,0,0,0,0,0,0,0,0,0,1174
V7,TACGGCGGTACGAACAAAAAGGCCACGCCCCCTGCTGCTCCTACGAAGTGGAAGGCAGGATATTGTGGGTATTAC,YGGTNKKATPPAAPTKWKAGYCGYY,0,0,0,0,0,0,0,0,0,0,0,0,0,0,0,0,0,0,0,0,0,0,0,0,0,0,0,972
V7,TACGGCGGTACGAACAAGCAAGCTGCTCCTGCTACGAAGTGGAAGGCAGGATATTGTGGGTATTAC,YGGTNKQAAPATKWKAGYCGYY,0,0,0,0,0,0,0,0,0,0,0,0,0,0,0,0,0,0,0,0,0,0,0,0,0,0,0,309
V7,TACGGCGGTACGAACAAAAAGGCCACGCCCCCTGCTGCTCCTGCTACGAAGTGGAAGGCAGGATATTGTGGGTATTAC,YGGTNKKATPPAAPATKWKAGYCGYY,0,0,0,0,0,0,0,0,0,0,0,0,0,0,0,0,0,0,0,0,0,0,0,0,0,0,0,224.5
V7,TACGGCGGTACGAACAAAAAAGCTGCTGCTCCTGCTACGAAGTGGAAGGCAGGATATTGTGGGTATTAC,YGGTNKKAAAPATKWKAGYCGYY,0,0,0,0,0,0,0,0,0,0,0,0,0,0,0,0,0,0,0,0,0,0,0,0,0,0,0,116.5
V7,TACGGCGGTACGAACAAAAAGGCCACGCCCCCTGCTGCTCTTACGAAGTGGAAGGCAGGATATTGTGGGTATTAC,YGGTNKKATPPAALTKWKAGYCGYY,0,0,0,0,0,0,0,0,0,0,0,0,0,0,0,0,0,0,0,0,0,0,0,0,0,0,0,45
V7,TACGGCGGTACGAACAAAAAGGCCACGCCCCCTGCTGCTGCAGTTCCTGGTACGAAGTGGAAGGCAGGATATTGTGGGTATTAC,YGGTNKKATPPAAAVPGTKWKAGYCGYY,0,0,0,0,0,0,0,0,0,0,0,0,0,0,0,0,0,0,0,0,0,0,0,0,0,0,0,33.5